delta_call,delta_put,weeks,equity_final,cagr,sharpe_w,max_dd,calmar,win_rate,usd_final,bh_final,max_dd_usd
0.05,0.05,208,1.1730585418745008,0.04071046470756934,1.183868060400785,-0.04450764414653641,0.9146847802938012,0.9663461538461539,2.0030377527243166,1.7075343482206273,-0.23275633339112733
0.05,0.1,208,1.1797336582888085,0.04218781824197948,0.7021593335891658,-0.07342259596686773,0.5745890306169087,0.9615384615384616,2.014435743280118,1.7075343482206273,-0.2493189442010486
0.05,0.15,208,1.3243308459291847,0.07275148317804914,1.0727411494514527,-0.07342259596686773,0.9908595878423934,0.9375,2.261340407832166,1.7075343482206273,-0.24862792034174053
0.05,0.2,208,1.4732132997574605,0.101707758169574,1.1855656007651976,-0.09193456896623042,1.1063059229323573,0.9182692307692307,2.5155623115913204,1.7075343482206273,-0.228999634661066
0.05,0.25,208,1.5729334274139226,0.11989572162720918,1.2155972275761817,-0.09305888393324746,1.2883855528851194,0.9086538461538461,2.6858378547736765,1.7075343482206273,-0.25226300819027647
0.05,0.3,208,1.8227940088269203,0.16194186075156325,1.519604701693924,-0.10098344816715488,1.6036475649306978,0.8846153846153846,3.112483379802746,1.7075343482206273,-0.25788620405461704
0.05,0.35,208,2.053047199784201,0.19701538816512176,1.5911997610204383,-0.10752154196559338,1.8323341031341067,0.8557692307692307,3.505648612149702,1.7075343482206273,-0.24999266035873724
0.05,0.4,208,2.299230040623796,0.23138995426830755,1.7319787934786297,-0.11039009834143676,2.096111496817568,0.8365384615384616,3.926014268825848,1.7075343482206273,-0.26161796846846175
0.05,0.45,208,2.399357443501362,0.24458263702418792,1.6475830367638455,-0.12482389834132634,1.9594215552809104,0.8076923076923077,4.096985248437413,1.7075343482206273,-0.28097450323066697
0.05,0.5,208,2.742404643215123,0.28686468810001053,1.786370412348878,-0.12909727548939032,2.2220816590632553,0.7980769230769231,4.682750125009553,1.7075343482206273,-0.2844854162011491
0.05,0.55,208,3.107474709402771,0.3277059474865116,1.934345161393062,-0.1355121907082497,2.4182765091005316,0.7740384615384616,5.306119802532137,1.7075343482206273,-0.2907422246402839
0.05,0.6,208,2.979743969000137,0.313846829422022,1.817799894006497,-0.1512712168411574,2.0747293237653888,0.7548076923076923,5.0880151759709875,1.7075343482206273,-0.3036715125917462
0.1,0.05,208,1.303718340311083,0.06855269447606949,1.7359167245870426,-0.047484695418243295,1.4436797766577232,0.9615384615384616,2.22614384648636,1.7075343482206273,-0.21499533820884897
0.1,0.1,208,1.3111535412940782,0.070072955547265,1.0887032921971433,-0.07307259596686777,0.9589498582893805,0.9519230769230769,2.238839707550753,1.7075343482206273,-0.23192642713108058
0.1,0.15,208,1.4718795726186495,0.10145832439012503,1.422148909829794,-0.07524301191215965,1.3484086005032563,0.9278846153846154,2.5132849266906403,1.7075343482206273,-0.23121696148723292
0.1,0.2,208,1.6372879702303222,0.13117882743555764,1.4705472519027132,-0.09158456896623057,1.432324559871286,0.9086538461538461,2.7957254470967103,1.7075343482206273,-0.21416651785316487
0.1,0.25,208,1.7481851506042612,0.1498650046864869,1.4700170978354563,-0.09165262379564154,1.635141455640614,0.8990384615384616,2.9850861917060256,1.7075343482206273,-0.24024768743810954
0.1,0.3,208,2.025865250913158,0.19303350027927046,1.76124592357576,-0.098828055465912,1.9532257249142377,0.875,3.4592345008008194,1.7075343482206273,-0.2498673694162219
0.1,0.35,208,2.2817869025682045,0.22904779147661336,1.8051077633519512,-0.10717154196559342,2.137207203290472,0.8461538461538461,3.8962295114551657,1.7075343482206273,-0.24644907596362586
0.1,0.4,208,2.5552423027862985,0.26432295248953275,1.9328776540289272,-0.10787476292999054,2.4502760915551236,0.8365384615384616,4.363164000033969,1.7075343482206273,-0.25811729236607517
0.1,0.45,208,2.6669804556805503,0.2779237993325696,1.8342293396838878,-0.12233657792715036,2.2717964164247686,0.8076923076923077,4.553960734107644,1.7075343482206273,-0.2775492989345746
0.1,0.5,208,3.048226026327346,0.32133150972800073,1.9628553420241386,-0.1256313077169341,2.5577343384183195,0.7884615384615384,5.204950641094016,1.7075343482206273,-0.2810729285925224
0.1,0.55,208,3.4536352023739374,0.363229939535858,2.1034743622893046,-0.13138300405078218,2.7646645938729058,0.7644230769230769,5.897200734277408,1.7075343482206273,-0.2873544871716438
0.1,0.6,208,3.3121708161750214,0.3490504202295748,1.9849660909837394,-0.14719967126743483,2.3712717373900527,0.7451923076923077,5.655645435792806,1.7075343482206273,-0.30033106600030135
0.15,0.05,208,1.504188514585859,0.10745367094071234,2.2731916569924104,-0.04537009034701878,2.3683812423303454,0.9423076923076923,2.568453554854316,1.7075343482206273,-0.20414410065012967
0.15,0.1,208,1.5129243112764716,0.10905810604900701,1.555901094329356,-0.07064759596686776,1.5436916791924946,0.9423076923076923,2.5833702277626074,1.7075343482206273,-0.22130494086717178
0.15,0.15,208,1.6983104672267546,0.14157453271302067,1.8463301636223435,-0.07317003898193608,1.934870264972416,0.9182692307692307,2.899923456732309,1.7075343482206273,-0.22058209603026946
0.15,0.2,208,1.8890358456321428,0.1723574558133243,1.8267533359975565,-0.08915956896623056,1.933134691113246,0.9038461538461539,3.2255935914368807,1.7075343482206273,-0.21055888952096524
0.15,0.25,208,2.0170465678812763,0.1917330433026594,1.7932376378823507,-0.089602603662154,2.139815535110871,0.8990384615384616,3.444176296617808,1.7075343482206273,-0.23674777904006805
0.15,0.3,208,2.3373372184770567,0.23646077534418075,2.0673735075852533,-0.09640305546591199,2.4528348629758217,0.8846153846153846,3.9910835839240324,1.7075343482206273,-0.2464071922191109
0.15,0.35,208,2.632629032342525,0.27378877250213995,2.0796890429219212,-0.10474654196559341,2.613821586511874,0.8605769230769231,4.495304498847707,1.7075343482206273,-0.24297244627344106
0.15,0.4,208,2.9478399063093743,0.31031578674465843,2.1907822039123306,-0.1055956787030482,2.9387167217071037,0.8557692307692307,5.033537893078737,1.7075343482206273,-0.2546804289454193
0.15,0.45,208,3.076754800141398,0.32441234957072607,2.070835683553951,-0.12008228596115622,2.7015837263096887,0.8317307692307693,5.253664502294139,1.7075343482206273,-0.27419243228072987
0.15,0.5,208,3.5166063261834046,0.36940193833784085,2.1880855778001638,-0.12155964905832695,3.0388532806687674,0.8028846153846154,6.004726091128132,1.7075343482206273,-0.2777251124355188
0.15,0.55,208,3.984270107049445,0.41282116810852765,2.322201862957316,-0.1273354872644158,3.241996217843755,0.7740384615384616,6.803278060375604,1.7075343482206273,-0.2840337546861488
0.15,0.6,208,3.8226499133715146,0.3982702949928083,2.207716979860194,-0.14320004246395246,2.781216319073818,0.7596153846153846,6.527306028304478,1.7075343482206273,-0.2970496225872974
0.2,0.05,208,1.4880071746627204,0.10446321594942298,1.8563589211355107,-0.0515940985826584,2.0247124926906803,0.875,2.5408233611353253,1.7075343482206273,-0.20928268549016604
0.2,0.1,208,1.4968453752462647,0.10609959921850787,1.4016903803317522,-0.07064759596686787,1.501814715227765,0.8846153846153846,2.555914892208186,1.7075343482206273,-0.22623413635919987
0.2,0.15,208,1.6802831403220777,0.1385329853941184,1.688979907417293,-0.07917411848664513,1.7497256432035395,0.8653846153846154,2.869141176835964,1.7075343482206273,-0.2254888836078418
0.2,0.2,208,1.8693309883683689,0.16928815796476582,1.7226242526616122,-0.09125235573761725,1.855164796528969,0.8509615384615384,3.191946870832202,1.7075343482206273,-0.2054747834869075
0.2,0.25,208,1.9960620193059873,0.18862129794205162,1.70939464173586,-0.09560838204447031,1.9728531527112156,0.8605769230769231,3.4083444591435974,1.7075343482206273,-0.23177783423375675
0.2,0.3,208,2.313392612124427,0.233281838558145,1.9871076081015082,-0.09640305546591199,2.4198593854800916,0.8557692307692307,3.9501973461222972,1.7075343482206273,-0.24147888238020987
0.2,0.35,208,2.6066306689697405,0.27063225348951825,2.026592769732646,-0.10474654196559341,2.5836867586369974,0.8317307692307693,4.45091140039114,1.7075343482206273,-0.2384542318028543
0.2,0.4,208,2.9193873663222827,0.3071424869879409,2.1476887876698525,-0.10474654196559341,2.9322446471677264,0.8317307692307693,4.984954203756651,1.7075343482206273,-0.25021946251401206
0.2,0.45,208,3.047083620512887,0.3212076910725108,2.0349925294798448,-0.11648664213990723,2.757463732937908,0.8125,5.202999943926229,1.7075343482206273,-0.26940856154527304
0.2,0.5,208,3.4831844468996036,0.3661365732635582,2.157184050149783,-0.11797004224645669,3.1036402657095374,0.7788461538461539,5.94765708426893,1.7075343482206273,-0.2729645259505463
0.2,0.55,208,3.947443885483542,0.4095451489654749,2.2981684636267254,-0.12156880454194363,3.3688342211523,0.7548076923076923,6.740396022136638,1.7075343482206273,-0.27930255487629063
0.2,0.6,208,3.790950776097535,0.3953624649239835,2.206773640032032,-0.13753029421595864,2.8747300162330833,0.7355769230769231,6.47317866260019,1.7075343482206273,-0.29239795140581937
0.25,0.05,208,1.6256123745710767,0.1291567866517871,1.956203909643975,-0.06250069271455838,2.0664856826731204,0.8605769230769231,2.775788966472612,1.7075343482206273,-0.18393972789100477
0.25,0.1,208,1.6353571218838738,0.13084518097616127,1.568942273816065,-0.07473998210709654,1.750671826341494,0.8605769230769231,2.7924284572239335,1.7075343482206273,-0.2005830176552713
0.25,0.15,208,1.8359211845074652,0.1640282175096246,1.8408688746608801,-0.08673137418982069,1.8912212453896058,0.8461538461538461,3.134898483172389,1.7075343482206273,-0.20102093529223153
0.25,0.2,208,2.0424171662818216,0.1954629281797826,1.8663036953610233,-0.09888464170691569,1.97667630489187,0.8317307692307693,3.4874974648216517,1.7075343482206273,-0.19935502187215715
0.25,0.25,208,2.181310528355302,0.21528845968581334,1.8557915565816043,-0.1052131208008873,2.0462130392771103,0.8413461538461539,3.7246626513019594,1.7075343482206273,-0.225802893883696
0.25,0.3,208,2.52820368678034,0.26096495017563903,2.1251658800497624,-0.09500305546591192,2.7469111271823876,0.8413461538461539,4.316994634475454,1.7075343482206273,-0.23555641947756645
0.25,0.35,208,2.8488812913960366,0.29917779237466635,2.158973800197584,-0.10521583884574248,2.843467254139299,0.8365384615384616,4.864562659061868,1.7075343482206273,-0.23250758197999544
0.25,0.4,208,3.190681655850987,0.3365058648427417,2.2741888327720226,-0.10334654196559345,3.25609215792409,0.8461538461538461,5.448198521603031,1.7075343482206273,-0.2443377881477119
0.25,0.45,208,3.3316699144479456,0.3510315523632399,2.1676290220277066,-0.11219002846527482,3.1289015357714396,0.8221153846153846,5.688940815853153,1.7075343482206273,-0.26365841998529227
0.25,0.5,208,3.8094564249734795,0.3970622332832887,2.2903449263592357,-0.11219002846527493,3.539193622775374,0.8028846153846154,6.504777693691969,1.7075343482206273,-0.2672327518384533
0.25,0.55,208,4.317406962088857,0.4414704601467021,2.4290932927458333,-0.11464125916241652,3.8508863507967455,0.7836538461538461,7.372120683013585,1.7075343482206273,-0.273618940403332
0.25,0.6,208,4.146244095318034,0.42696629936617403,2.33610335642531,-0.13069021637279266,3.2670104252353256,0.7596153846153846,7.0798542088625105,1.7075343482206273,-0.28678609853503567
0.3,0.05,208,1.789924050770771,0.15666781409585595,2.178903625314018,-0.05906248048481,2.6525776230503664,0.8269230769230769,3.0563567973972927,1.7075343482206273,-0.1775948752961095
0.3,0.1,208,1.8006916616181254,0.15840343957033864,1.7893827550768302,-0.07201615257830818,2.1995543207906803,0.8269230769230769,3.0747428627674167,1.7075343482206273,-0.1943707198944884
0.3,0.15,208,2.0217238070688146,0.1924233074890036,2.0529483290896606,-0.0777488763693941,2.4749336128637762,0.8173076923076923,3.452162843185369,1.7075343482206273,-0.1948033796551426
0.3,0.2,208,2.2491342922081072,0.22462704648120835,2.0596512846719492,-0.0877595689662306,2.5595732650834186,0.8076923076923077,3.8404740577062313,1.7075343482206273,-0.1931278037865084
0.3,0.25,208,2.402011936686352,0.24492672564480422,2.0361484349673686,-0.09142749710666809,2.6789175400815055,0.8173076923076923,4.101517886727892,1.7075343482206273,-0.21977631710423984
0.3,0.3,208,2.784283622161194,0.291749696541755,2.3030902544328735,-0.09500305546591192,3.0709506669123687,0.8173076923076923,4.754259920028385,1.7075343482206273,-0.22961235493859244
0.3,0.35,208,3.13747977241471,0.33089941339147755,2.323645596519046,-0.10334654196559356,3.201843110547826,0.8221153846153846,5.35735447824555,1.7075343482206273,-0.22753132801610598
0.3,0.4,208,3.513937883612251,0.36914208477724975,2.4325996418153593,-0.10334654196559345,3.571886177866948,0.8317307692307693,6.000169633781607,1.7075343482206273,-0.239434310017557
0.3,0.45,208,3.670668120675177,0.3841599532597253,2.3274326850831133,-0.11219002846527482,3.4241898189608797,0.8125,6.267791896971318,1.7075343482206273,-0.257887403922217
0.3,0.5,208,4.198199895916368,0.4314157068082749,2.4509136282966706,-0.11219002846527482,3.8454015273006834,0.8173076923076923,7.168570522973442,1.7075343482206273,-0.26149154079655934
0.3,0.55,208,4.759043411321687,0.4769980318405942,2.5923265907795026,-0.11219002846527482,4.251697217353279,0.7932692307692307,8.126230089504844,1.7075343482206273,-0.2679118642189867
0.3,0.6,208,4.574633915649618,0.4624771400580123,2.5208111664331923,-0.12385501602306215,3.734020267470619,0.7740384615384616,7.811344541506742,1.7075343482206273,-0.28117824734028085
0.35,0.05,208,1.7234762029012587,0.14578022580644823,1.7148497844709587,-0.07530541858982243,1.9358530705538168,0.8028846153846154,2.9428948147947636,1.7075343482206273,-0.17382775220049484
0.35,0.1,208,1.7345690040095305,0.14761943745724682,1.5077736992335606,-0.08732486416059837,1.6904628352557325,0.8028846153846154,2.9618361537051134,1.7075343482206273,-0.19061986755370386
0.35,0.15,208,1.9474205270552543,0.1813128710326386,1.7578162656422482,-0.09910742314987253,1.8294580291776237,0.7884615384615384,3.3252874403767585,1.7075343482206273,-0.19106254602631267
0.35,0.2,208,2.1673490279097147,0.2133391581625943,1.8332063874845477,-0.10669964011862554,1.9994365297334655,0.7644230769230769,3.7008229097384184,1.7075343482206273,-0.18942510937385304
0.35,0.25,208,2.316051646852989,0.23363607227966443,1.8589245496194282,-0.11187555108637126,2.0883568394607543,0.7788461538461539,3.9547377392544254,1.7075343482206273,-0.21606845524086693
0.35,0.3,208,2.6856443391512,0.2801537259607101,2.133021007371882,-0.09656615968341165,2.9011584066217715,0.7932692307692307,4.5858299562049565,1.7075343482206273,-0.225920067650748
0.35,0.35,208,3.0279605730068084,0.3191298684542856,2.1931513864571444,-0.10935645434824703,2.9182536170934403,0.7884615384615384,5.170346683466938,1.7075343482206273,-0.22382906685432857
0.35,0.4,208,3.392058717073982,0.35711246767295446,2.3144397716980625,-0.10935645434824703,3.265581988747781,0.8028846153846154,5.792056770585028,1.7075343482206273,-0.23577189640484064
0.35,0.45,208,3.546720891263944,0.37232429913495,2.2489867886336703,-0.11501903864370966,3.237066693700037,0.8028846153846154,6.056147745384854,1.7075343482206273,-0.2542956669195996
0.35,0.5,208,4.059298113129767,0.4194259368245774,2.393324145289807,-0.11069002846527487,3.7891935040576636,0.8173076923076923,6.931390957836259,1.7075343482206273,-0.2579172473892166
0.35,0.55,208,4.603559535070737,0.4647835059747252,2.5471646710488596,-0.11069002846527487,4.1989645537089615,0.8125,7.860736030211862,1.7075343482206273,-0.2643686444160094
0.35,0.6,208,4.4271763330630245,0.450546665481085,2.487469548534066,-0.11960459546141122,3.7669678472048984,0.7980769230769231,7.559555654334567,1.7075343482206273,-0.2776910450923169
0.4,0.05,208,1.769564961832912,0.1533646267171287,1.6374708073002782,-0.08874658869770868,1.7281185560779573,0.7692307692307693,3.021592953737417,1.7075343482206273,-0.15980871350676473
0.4,0.1,208,1.780974059188761,0.1552192002388597,1.472308031635746,-0.10054320859790156,1.5438059159184154,0.7596153846153846,3.041074379354724,1.7075343482206273,-0.17690233865766813
0.4,0.15,208,1.9996868798423963,0.18916056667986947,1.7132898158016416,-0.11210166718638204,1.6874019042497206,0.75,3.414534033017029,1.7075343482206273,-0.17734970735001243
0.4,0.2,208,2.2261596240487203,0.22148763614233924,1.8089845020789324,-0.11924376533512049,1.8574357788843254,0.7451923076923077,3.8012440226851076,1.7075343482206273,-0.18942510937385304
0.4,0.25,208,2.378922875549602,0.24192420240019463,1.8407724845748388,-0.12460321121862838,1.94155672260898,0.75,4.062092521768726,1.7075343482206273,-0.20398034036632207
0.4,0.3,208,2.7590360400088207,0.2888113241986934,2.112313236271657,-0.09656615968341153,2.9908129840261877,0.7788461538461539,4.711148806293682,1.7075343482206273,-0.21398179417151575
0.4,0.35,208,3.112490996230141,0.3282414406562415,2.195703482032348,-0.11711176968121062,2.802804889292903,0.7788461538461539,5.314685284590402,1.7075343482206273,-0.21456730217264175
0.4,0.4,208,3.486825640714413,0.36649346071068445,2.316994452155871,-0.11170380123220536,3.280939920288233,0.7884615384615384,5.9538745477762625,1.7075343482206273,-0.22661093285595624
0.4,0.45,208,3.648032509652689,0.3820211041399113,2.2716381203487916,-0.11501903864370966,3.3213727800602153,0.7980769230769231,6.229140813657468,1.7075343482206273,-0.24158925252722907
0.4,0.5,208,4.176280133269045,0.4295436000328776,2.421113997847121,-0.11209170383092815,3.832073073675223,0.8125,7.13114177534831,1.7075343482206273,-0.2452434662621884
0.4,0.55,208,4.737171426674815,0.47529807340358565,2.5794045396823067,-0.11122079833793652,4.273463960934952,0.8076923076923077,8.088882924456557,1.7075343482206273,-0.251777236026953
0.4,0.6,208,4.561578204585643,0.46143256753229167,2.5554330439458974,-0.11471546545255884,4.022409408460444,0.8076923076923077,7.789051466424564,1.7075343482206273,-0.2652552774297037
0.45,0.05,208,1.7216053099802422,0.1454691531495016,1.40510957394114,-0.10007704033089082,1.453571695051413,0.7355769230769231,2.939700200870282,1.7075343482206273,-0.15845654539335852
0.45,0.1,208,1.733635772754686,0.14746504600988386,1.3067263063143515,-0.11164420542025744,1.3208481842365898,0.7259615384615384,2.96024262928263,1.7075343482206273,-0.1755040577220809
0.45,0.15,208,1.9472816211048465,0.18129180524662702,1.547779802397708,-0.12298298546228048,1.4741210303617989,0.7259615384615384,3.3250502536952693,1.7075343482206273,-0.17597969648602485
0.45,0.2,208,2.169053743592301,0.2135776740248172,1.6742249506416937,-0.1299554715095097,1.6434681167632739,0.7211538461538461,3.7037337703203925,1.7075343482206273,-0.1858767279600675
0.45,0.25,208,2.3191050993047426,0.23404247386117194,1.7303001852801152,-0.13520058862936368,1.7310758498453842,0.7115384615384616,3.9599516141964526,1.7075343482206273,-0.2025642325245227
0.45,0.3,208,2.690425324224608,0.2807230785533008,2.0033328698562243,-0.10297060708248273,2.7262447654448874,0.7451923076923077,4.593993652436129,1.7075343482206273,-0.21255076625557878
0.45,0.35,208,3.0377705218370785,0.3201969979669581,2.11964321303622,-0.127719189684958,2.5070390655999364,0.7596153846153846,5.187097508048913,1.7075343482206273,-0.2131384933192253
0.45,0.4,208,3.40438140167254,0.35834332305610905,2.2531431472398573,-0.11962270041812051,2.995613055077187,0.7644230769230769,5.81309817779934,1.7075343482206273,-0.22519104032824366
0.45,0.45,208,3.5639219911535203,0.3739851767374054,2.2274044681700387,-0.11924452434909283,3.1362880499447483,0.7740384615384616,6.085519214273475,1.7075343482206273,-0.24018948886541924
0.45,0.5,208,4.0828101326650375,0.4214768655961596,2.3952528297357536,-0.11985419809206554,3.516579913808307,0.7836538461538461,6.971538538788774,1.7075343482206273,-0.24385044701376613
0.45,0.55,208,4.632297532528814,0.46706417374257403,2.5608925870119914,-0.11910257812005598,3.9215286613843996,0.7740384615384616,7.909807147970622,1.7075343482206273,-0.25039995188829867
0.45,0.6,208,4.46563431926882,0.4536866068413965,2.568710339810942,-0.12260146672957817,3.7004990147637646,0.7788461538461539,7.6252239867443325,1.7075343482206273,-0.26390280287121437
0.5,0.05,208,1.554275863066309,0.11655989766132668,1.0706640918673571,-0.10391461725334028,1.1216891400096065,0.6971153846153846,2.6539794227959796,1.7075343482206273,-0.14994351408246231
0.5,0.1,208,1.5652860641384245,0.1185320421516578,1.0138164034155894,-0.11542906722498292,1.0268820930574347,0.6875,2.6727797193074343,1.7075343482206273,-0.16945484272920797
0.5,0.15,208,1.7582033774311931,0.15150884305832069,1.2443623588668302,-0.12671713871159085,1.1956460238828146,0.7019230769230769,3.0021926581212743,1.7075343482206273,-0.16945484272920786
0.5,0.2,208,1.9586194283096658,0.18300754512666706,1.3889545443580609,-0.13364817089328074,1.3693232305648255,0.7019230769230769,3.344409948931004,1.7075343482206273,-0.1858767279600675
0.5,0.25,208,2.0942714619744502,0.2029795473925411,1.4597765505371547,-0.1388734938220859,1.461614753155004,0.6826923076923077,3.576040455819602,1.7075343482206273,-0.19688111040643042
0.5,0.3,208,2.4304618321491662,0.24859675336164933,1.7302001434315075,-0.10864588543549425,2.288137763939964,0.7067307692307693,4.150097060433934,1.7075343482206273,-0.20691775423234215
0.5,0.35,208,2.7450658630191045,0.287176766797824,1.8664076982997022,-0.13141409385999947,2.1852813375083233,0.7259615384615384,4.687294249233018,1.7075343482206273,-0.20750765625057166
0.5,0.4,208,3.0770663410691057,0.32444587458430063,2.0103033866994857,-0.12666134083493918,2.561522501227171,0.7307692307692307,5.25419646912905,1.7075343482206273,-0.21963304361949298
0.5,0.45,208,3.222993359169491,0.339876754655539,2.0114486505175337,-0.12630654039947953,2.690888006120541,0.7451923076923077,5.503371864868882,1.7075343482206273,-0.232124253641803
0.5,0.5,208,3.6920565720600163,0.3861718872455193,2.179515674271654,-0.1269066516624462,3.0429601773174357,0.7548076923076923,6.304313412366177,1.7075343482206273,-0.23582955656372173
0.5,0.55,208,4.194458696292701,0.431096700891086,2.3767444025835456,-0.12604953130210828,3.4200579441890837,0.7692307692307693,7.1621822961124915,1.7075343482206273,-0.24198267485247382
0.5,0.6,208,4.047332145600122,0.4183787353179407,2.4044556350529582,-0.1237985137115003,3.3795133945867013,0.7836538461538461,6.9109586572696955,1.7075343482206273,-0.25562971186213246
0.55,0.05,208,1.4640964394044753,0.0999993312173606,0.8791761307545944,-0.14110842381774547,0.7086701736993317,0.6682692307692307,2.499994959390662,1.7075343482206273,-0.13628387574093637
0.55,0.1,208,1.474864974092776,0.10201641983709497,0.8464292783643727,-0.13302565182363324,0.7668928393776967,0.6682692307692307,2.518382602250934,1.7075343482206273,-0.16945484272920797
0.55,0.15,208,1.6572486659573904,0.13461081662565721,1.0737972896751353,-0.12889991663656342,1.0443049160783853,0.6778846153846154,2.8298090206650577,1.7075343482206273,-0.16945484272920786
0.55,0.2,208,1.8467348479184607,0.1657384899775154,1.229837673508404,-0.135789940401556,1.2205505760396975,0.6730769230769231,3.153363184876767,1.7075343482206273,-0.1858767279600676
0.55,0.25,208,1.975080254131046,0.18548533736352413,1.31032231307395,-0.1409881498808937,1.315609414835371,0.6682692307692307,3.372517374421088,1.7075343482206273,-0.1873852341338117
0.55,0.3,208,2.2935761990020227,0.2306322535566907,1.5857456644135215,-0.1090065986546005,2.11576415009035,0.6875,3.9163601400572614,1.7075343482206273,-0.19740817510607567
0.55,0.35,208,2.5915583664092847,0.26879146514403973,1.7360638534085573,-0.13352654974504663,2.0130188764501566,0.7211538461538461,4.425174926062385,1.7075343482206273,-0.19970385928209644
0.55,0.4,208,2.9066875116002677,0.30571858641981864,1.8945800547780247,-0.12519811878509868,2.4418784354466343,0.7067307692307693,4.963268765601396,1.7075343482206273,-0.20565140421359263
0.55,0.45,208,3.0451356286494753,0.3209964793539479,1.904891994902976,-0.1254102849099049,2.559570609257069,0.7211538461538461,5.1996736809093855,1.7075343482206273,-0.21835588306920295
0.55,0.5,208,3.4936756082200953,0.36716409561209074,2.107780175639948,-0.12189971076752038,3.0120177751063206,0.7451923076923077,5.965571102576403,1.7075343482206273,-0.21835588306920306
0.55,0.55,208,3.9696583161124295,0.41152404852288105,2.309793337670286,-0.12015971816913729,3.4248087028934124,0.7644230769230769,6.7783279254616176,1.7075343482206273,-0.222900207263392
0.55,0.6,208,3.831894603706777,0.39911492303760765,2.34631178202903,-0.12332355531813022,3.2363235231747525,0.7836538461538461,6.543091654590586,1.7075343482206273,-0.23670714673621662
0.6,0.05,208,1.5566965637159784,0.11699438940498785,0.9248920135993126,-0.14969721960494442,0.781540162961875,0.6538461538461539,2.6581128523020547,1.7075343482206273,-0.12991540048588235
0.6,0.1,208,1.5684883269409995,0.11910367710949532,0.8995255235465747,-0.14168390077377546,0.8406295737132926,0.6490384615384616,2.678247693034863,1.7075343482206273,-0.16413227060852975
0.6,0.15,208,1.7637190046942168,0.1524108768611625,1.120525577112925,-0.1365218726063443,1.1163843122825714,0.6634615384615384,3.011610781124872,1.7075343482206273,-0.16413227060852964
0.6,0.2,208,1.9673117049720783,0.18431790173751317,1.284821042595873,-0.14539369132858815,1.267715951450443,0.6586538461538461,3.359252309896312,1.7075343482206273,-0.18055415583938916
0.6,0.25,208,2.1048322144995373,0.20449324987748363,1.3686067341936659,-0.14575734339499213,1.4029704789783477,0.6634615384615384,3.5940733034992456,1.7075343482206273,-0.18143249951996754
0.6,0.3,208,2.4464709069573636,0.25064777238568436,1.6511880339762042,-0.11483238406993546,2.182727236883233,0.6778846153846154,4.177433105552157,1.7075343482206273,-0.19155447705731055
0.6,0.35,208,2.766005085163999,0.28962440610891504,1.8099090464419625,-0.1381779274772995,2.0960251133922663,0.7163461538461539,4.723048690270443,1.7075343482206273,-0.19438128716141811
0.6,0.4,208,3.103474948849327,0.32727850466205344,1.9730537532637977,-0.12987783834387978,2.5198949169104012,0.7019230769230769,5.299290074002465,1.7075343482206273,-0.19985510156905717
0.6,0.45,208,3.2567489728651533,0.343371316971981,2.017976160024719,-0.125192034310861,2.742756908313869,0.7307692307692307,5.561010734699488,1.7075343482206273,-0.2126067243078601
0.6,0.5,208,3.7373515536349986,0.39040393404541573,2.226514173063139,-0.12658308448299527,3.0841714407572463,0.7596153846153846,6.38165614920749,1.7075343482206273,-0.2126067243078602
0.6,0.55,208,4.247551510934491,0.43560401275121907,2.436591527706542,-0.1248384371668928,3.4893420859544486,0.7692307692307693,7.252840100757074,1.7075343482206273,-0.21716931302104514
0.6,0.6,208,4.101890001487279,0.42313468159589673,2.491535056567468,-0.12332355531813022,3.4310937639152725,0.7932692307692307,7.004118070162292,1.7075343482206273,-0.23107807482179832
