friday,sunday,entry_spot,settle,spot_ret,C_name,C_strike,C_delta,C_iv,C_premium,C_payoff,C_src,P_name,P_strike,P_delta,P_iv,P_premium,P_payoff,P_src,pnl,premium_sum,fees,pnl_usd,pnl_pct
2022-09-02,2022-09-04,20360.0,19703.96,-0.0322220039292731,BTC-4SEP22-20500-C,20500.0,0.4028635392517888,0.39130068438270815,0.0075,0.0,open@16,BTC-4SEP22-20500-P,20500.0,-0.5788247174533754,0.4720365415950458,0.0165,0.04040000081201956,open@16,-0.01715000081201956,0.024,0.00075,-349.17401653271827,-0.01715000081201956
2022-09-09,2022-09-11,21269.5,21597.43,0.015417851853593234,BTC-11SEP22-21500-C,21500.0,0.38307558757116084,0.5071162919316881,0.009,0.004511184895610278,open@16,BTC-11SEP22-21000-P,21000.0,-0.3755225417613284,0.6381732912412388,0.0115,0.0,open@16,0.015238815104389722,0.020499999999999997,0.00075,324.1219778628172,0.015238815104389722
2022-09-16,2022-09-18,19654.5,20065.57,0.020914803225724476,BTC-18SEP22-19500-C,19500.0,0.5941915205086231,0.5297975978545579,0.0185,0.028186091897713334,open@16,BTC-18SEP22-19500-P,19500.0,-0.4127601089192272,0.5816186998782924,0.012,0.0,open@16,0.0015639081022866645,0.0305,0.00075,30.737831796393248,0.0015639081022866645
2022-09-23,2022-09-25,18710.5,19085.73,0.020054514844605853,BTC-25SEP22-19000-C,19000.0,0.37970013792516694,0.6894587816811062,0.012,0.004491837618995949,open@16,BTC-25SEP22-18500-P,18500.0,-0.3999289775381111,0.7317698069350804,0.0145,0.0,open@16,0.021258162381004052,0.026500000000000003,0.00075,397.7508472297763,0.021258162381004052
2022-09-30,2022-10-02,19752.0,19288.09,-0.02348673552045366,BTC-2OCT22-20000-C,20000.0,0.37581255342736547,0.5510077468126657,0.0095,0.0,open@16,BTC-2OCT22-19500-P,19500.0,-0.36435588368990957,0.580707935973285,0.01,0.010986572542952664,open@16,0.0077634274570473364,0.0195,0.00075,153.343219131599,0.0077634274570473364
2022-10-07,2022-10-09,19568.0,19417.45,-0.007693683565004106,BTC-9OCT22-19500-C,19500.0,0.5513528663815941,0.4527548402218945,0.014,0.0,open@16,BTC-9OCT22-19500-P,19500.0,-0.4501096823924873,0.47052026403686087,0.011,0.004251330633013051,open@16,0.019998669366986948,0.025,0.00075,391.3339621732006,0.019998669366986948
2022-10-14,2022-10-16,19354.0,19138.4,-0.01113981605869585,BTC-16OCT22-19500-C,19500.0,0.40116540339778284,0.4204221794675458,0.008,0.0,open@16,BTC-16OCT22-19500-P,19500.0,-0.5901634232318544,0.4569245776967584,0.0165,0.018893951427496475,close@15,0.004856048572503526,0.0245,0.00075,93.98396407223325,0.004856048572503526
2022-10-21,2022-10-23,19172.0,19160.27,-0.000611829751721249,BTC-23OCT22-19250-C,19250.0,0.436040264944192,0.3477819090531905,0.0075,0.0,open@16,BTC-23OCT22-19000-P,19000.0,-0.34593655432894055,0.3467616369907178,0.0055,0.0,open@16,0.0124,0.013,0.0006,237.7328,0.0124
2022-10-28,2022-10-30,20490.5,20854.31,0.017755057221639392,BTC-30OCT22-20500-C,20500.0,0.49957383211684614,0.4350490124143973,0.0115,0.01698977333702248,open@16,BTC-30OCT22-20500-P,20500.0,-0.5033306971862441,0.34366024432045095,0.0095,0.0,open@16,0.0032602266629775207,0.020999999999999998,0.00075,66.8036744377409,0.0032602266629775207
2022-11-04,2022-11-06,20841.0,21196.03,0.01703517105705088,BTC-6NOV22-21000-C,21000.0,0.405066943007617,0.4408171675089757,0.0085,0.009248430012601361,open@16,BTC-6NOV22-20750-P,20750.0,-0.44220012408539666,0.5045597997364379,0.0115,0.0,open@16,0.01000156998739864,0.02,0.00075,208.44272010737507,0.01000156998739864
2022-11-11,2022-11-13,16812.5,16706.66,-0.006295315985130112,BTC-13NOV22-17000-C,17000.0,0.4221280309894976,0.7410170210238181,0.015,0.0,open@16,BTC-13NOV22-16750-P,16750.0,-0.46552845435328216,1.3691904784350202,0.035,0.0025941750176277094,open@16,0.04665582498237229,0.05,0.00075,784.4010575161342,0.04665582498237229
2022-11-18,2022-11-20,16668.5,16692.87,0.0014620391756905438,BTC-20NOV22-16750-C,16750.0,0.4482822189276518,0.4922529190652465,0.011,0.0,open@16,BTC-20NOV22-16500-P,16500.0,-0.37975064399171776,0.5211238907933919,0.0095,0.0,open@16,0.0199,0.020499999999999997,0.0006,331.70315,0.0199
2022-11-25,2022-11-27,16492.5,16558.33,0.003991511293012007,BTC-27NOV22-16500-C,16500.0,0.49861424884832656,0.39779353908848936,0.0105,0.003522698243120033,open@16,BTC-27NOV22-16500-P,16500.0,-0.500786644733638,0.41801942661612135,0.0115,0.0,open@16,0.01772730175687997,0.022,0.00075,292.3675242253429,0.01772730175687997
2022-12-02,2022-12-04,16930.0,17000.98,0.004192557590076751,BTC-4DEC22-17000-C,17000.0,0.4389325409376239,0.36762489685348276,0.008,5.7643735831673435e-05,open@16,BTC-4DEC22-16750-P,16750.0,-0.3448929808500152,0.410570061544976,0.0065,0.0,open@16,0.013835150797189368,0.014499999999999999,0.0006072054669789592,234.229102996416,0.013835150797189368
2022-12-09,2022-12-11,17175.0,17179.24,0.0002468704512372799,BTC-11DEC22-17250-C,17250.0,0.41157483571384385,0.27692349128783145,0.0055,0.0,close@15,BTC-11DEC22-17250-P,17250.0,-0.5668099636633719,0.3575608743092882,0.012,0.004118924934979568,close@14,0.012631075065020432,0.0175,0.00075,216.93871424172593,0.012631075065020432
2022-12-16,2022-12-18,16959.0,16752.87,-0.012154608172651793,BTC-18DEC22-17000-C,17000.0,0.4405484646912551,0.22723388578300374,0.005,0.0,open@16,BTC-18DEC22-17000-P,17000.0,-0.5369689072759631,0.3423830543693177,0.0105,0.014751502279907923,open@16,-1.5022799079219412e-06,0.0155,0.00075,-0.0254771649584482,-1.5022799079219412e-06
2022-12-23,2022-12-25,16831.5,16825.45,-0.0003594450880788358,BTC-25DEC22-16750-C,16750.0,0.6149894344409119,0.25310740027846235,0.0095,0.004484278280818684,open@16,BTC-25DEC22-16750-P,16750.0,-0.3824048002606715,0.24698877089255883,0.0045,0.0,open@16,0.008765721719181316,0.013999999999999999,0.00075,147.5402451164003,0.008765721719181316
2022-12-30,2023-01-01,16543.0,16511.83,-0.0018841806202017919,BTC-1JAN23-16500-C,16500.0,0.5831314295543663,0.18925227939764738,0.0065,0.000716456019714456,open@16,BTC-1JAN23-16500-P,16500.0,-0.42508491617862354,0.2119275867221686,0.0045,0.0,close@15,0.009593986977821236,0.011,0.0006895570024643069,158.7133265740967,0.009593986977821236
2023-01-06,2023-01-08,16837.0,16949.73,0.0066953732850270065,BTC-8JAN23-17000-C,17000.0,0.26819037038802573,0.2277630798815699,0.0025,0.0,open@16,BTC-8JAN23-16750-P,16750.0,-0.3565009507467013,0.21257935200520606,0.0035,0.0,open@16,0.0054,0.006,0.0006,90.91980000000001,0.0054
2023-01-13,2023-01-15,19277.5,20725.72,0.07512488652574256,BTC-15JAN23-19250-C,19250.0,0.5264472522039466,0.3998706438488083,0.0115,0.07120235147439997,open@16,BTC-15JAN23-19250-P,19250.0,-0.47692073330579576,0.5272180951433358,0.0135,0.0,close@15,-0.04695235147439998,0.025,0.00075,-905.1239555477456,-0.04695235147439998
2023-01-20,2023-01-22,21149.5,22907.63,0.08312867916499211,BTC-22JAN23-21250-C,21250.0,0.42720571437013005,0.35864646575742687,0.0075,0.07236147955943067,open@16,BTC-22JAN23-21000-P,21000.0,-0.3739913220940355,0.33880223406287735,0.006,0.0,open@16,-0.05961147955943066,0.0135,0.00075,-1260.7529869421787,-0.05961147955943066
2023-01-27,2023-01-29,22937.0,23201.36,0.011525482844312762,BTC-29JAN23-23000-C,23000.0,0.47666886255674923,0.5309209933602075,0.013,0.008678801587493172,open@16,BTC-29JAN23-23000-P,23000.0,-0.5408589974631428,0.3542948551034073,0.011,0.0,open@16,0.014571198412506828,0.024,0.00075,334.2195779876691,0.014571198412506828
2023-02-03,2023-02-05,23617.0,23386.49,-0.009760342126434285,BTC-5FEB23-23750-C,23750.0,0.43553456029910903,0.46670289726318936,0.01,0.0,close@15,BTC-5FEB23-23500-P,23500.0,-0.42773078240973117,0.43927042143805306,0.0095,0.0048536569617757255,open@16,0.013896343038224275,0.0195,0.00075,328.1899335337427,0.013896343038224275
2023-02-10,2023-02-12,21659.5,21805.37,0.006734689166416619,BTC-12FEB23-21750-C,21750.0,0.42570634336031166,0.311869629653173,0.0065,0.0025392827546608467,open@16,BTC-12FEB23-21500-P,21500.0,-0.37058676645981903,0.34320285386313276,0.006,0.0,open@16,0.009210717245339152,0.0125,0.00075,199.49953017542336,0.009210717245339152
2023-02-17,2023-02-19,24151.5,24611.95,0.019065068422251308,BTC-19FEB23-24250-C,24250.0,0.47408907402860645,0.683717273671899,0.0165,0.014706270734338429,open@16,BTC-19FEB23-24000-P,24000.0,-0.4297445223720985,0.5932071811394231,0.013,0.0,open@16,0.01404372926566157,0.0295,0.00075,339.17712735962544,0.01404372926566157
2023-02-24,2023-02-26,23347.0,23173.67,-0.007424080181608006,BTC-26FEB23-23500-C,23500.0,0.3813929585458431,0.30953889359497166,0.0055,0.0,open@16,BTC-26FEB23-23250-P,23250.0,-0.44851278116958837,0.5570842686880615,0.013,0.003293824413655746,open@16,0.014456175586344253,0.0185,0.00075,337.50833141437926,0.014456175586344253
2023-03-03,2023-03-05,22338.0,22383.86,0.0020530038499417813,BTC-5MAR23-22500-C,22500.0,0.3873538877263511,0.3584439551706263,0.0065,0.0,open@16,BTC-5MAR23-22250-P,22250.0,-0.42502001940085576,0.3282090291705011,0.007,0.0,open@16,0.0129,0.0135,0.0006,288.1602,0.0129
2023-03-10,2023-03-12,20008.5,20518.12,0.02547017517555039,BTC-12MAR23-20000-C,20000.0,0.5116458818003423,0.4558761111706512,0.0125,0.025251826190703583,open@16,BTC-12MAR23-20000-P,20000.0,-0.4883578382031052,0.4530861219960587,0.012,0.0,open@16,-0.0015018261907035826,0.0245,0.00075,-30.049289336692635,-0.0015018261907035826
2023-03-17,2023-03-19,26482.5,27046.22,0.021286509959407285,BTC-19MAR23-26750-C,26750.0,0.4150182288218633,0.6303453997401505,0.0125,0.010952362289443816,close@15,BTC-19MAR23-26250-P,26250.0,-0.41018081265350026,0.6345909731713033,0.013,0.0,open@16,0.013797637710556185,0.025500000000000002,0.00075,365.3959406698042,0.013797637710556185
2023-03-24,2023-03-26,28061.0,27528.26,-0.018985068244182335,BTC-26MAR23-28250-C,28250.0,0.4418600419376912,0.5969109345974957,0.013,0.0,open@16,BTC-26MAR23-28000-P,28000.0,-0.4712100146727668,0.6337544818319958,0.016,0.017136571654002165,open@16,0.011113428345997836,0.028999999999999998,0.00075,311.8539128170453,0.011113428345997836
2023-03-31,2023-04-02,28512.5,28458.98,-0.001877071459886026,BTC-2APR23-28750-C,28750.0,0.4032044281761419,0.47041559224230123,0.009,0.0,open@16,BTC-2APR23-28500-P,28500.0,-0.4880548584077522,0.5090051467126631,0.0135,0.0014413728109721584,open@16,0.020308627189027838,0.0225,0.00075,579.0497327271562,0.020308627189027838
2023-04-07,2023-04-09,27960.0,27917.48,-0.0015207439198855477,BTC-9APR23-28000-C,28000.0,0.4719616276336493,0.2666231688518812,0.0065,0.0,close@15,BTC-9APR23-28000-P,28000.0,-0.5302713636344565,0.2506068752055005,0.0075,0.0029558541816811705,open@16,0.010294145818318829,0.013999999999999999,0.00075,287.8243170801945,0.010294145818318829
2023-04-14,2023-04-16,30261.0,30384.82,0.004091735236773308,BTC-16APR23-30500-C,30500.0,0.3977796389499208,0.42569593973555997,0.008,0.0,close@15,BTC-16APR23-30250-P,30250.0,-0.4892433473900457,0.39628385572066793,0.0105,0.0,open@16,0.0179,0.018500000000000003,0.0006,541.6718999999999,0.0179
2023-04-21,2023-04-23,28034.0,27694.6,-0.012106727545123874,BTC-23APR23-28000-C,28000.0,0.5272059409125478,0.31103427992176247,0.009,0.0,open@16,BTC-23APR23-28000-P,28000.0,-0.47509762060348515,0.3561189879277151,0.009,0.011027420507969116,open@16,0.006222579492030883,0.018,0.00075,174.44379347959378,0.006222579492030883
2023-04-28,2023-04-30,29165.5,29293.5,0.004388746978450486,BTC-30APR23-29250-C,29250.0,0.4608446226033685,0.3846590879769133,0.009,0.0014849710686671105,close@15,BTC-30APR23-29000-P,29000.0,-0.4102304188038265,0.39419976743367746,0.008,0.0,open@16,0.014765028931332889,0.017,0.00075,430.62945129678934,0.014765028931332889
2023-05-05,2023-05-07,29392.0,28959.35,-0.014719991834512891,BTC-7MAY23-29500-C,29500.0,0.4584500620489327,0.4535813580763117,0.0105,0.0,open@16,BTC-7MAY23-29250-P,29250.0,-0.40811729999487134,0.3236267223262651,0.0065,0.010036482172424501,open@16,0.0062135178275754994,0.017,0.00075,182.62771598809908,0.0062135178275754994
2023-05-12,2023-05-14,26316.0,26852.16,0.020373917008663867,BTC-14MAY23-26500-C,26500.0,0.3962127979044675,0.37387049943125084,0.007,0.013114773634597733,open@16,BTC-14MAY23-26250-P,26250.0,-0.45885321512165544,0.41634421222943707,0.01,0.0,open@16,0.003135226365402267,0.017,0.00075,82.50661703192606,0.003135226365402267
2023-05-19,2023-05-21,26895.5,27074.08,0.006639772452640802,BTC-21MAY23-27000-C,27000.0,0.45379310734354417,0.4384180892899533,0.01,0.002736196391530266,open@16,BTC-21MAY23-26750-P,26750.0,-0.4133111564675296,0.38995100329129717,0.008,0.0,open@16,0.014513803608469735,0.018000000000000002,0.00075,390.35600495159775,0.014513803608469735
2023-05-26,2023-05-28,26776.0,27216.95,0.016468105766358043,BTC-28MAY23-26750-C,26750.0,0.5232964427443992,0.29709684536060643,0.0085,0.017156588082059183,close@14,BTC-28MAY23-26750-P,26750.0,-0.4743714172136374,0.2588554996008139,0.0065,0.0,close@14,-0.002906588082059183,0.015,0.00075,-77.82680248521669,-0.002906588082059183
2023-06-02,2023-06-04,27116.0,27145.13,0.001074273491665556,BTC-4JUN23-27250-C,27250.0,0.39561953589457155,0.2665288585047657,0.005,0.0,open@16,BTC-4JUN23-27000-P,27000.0,-0.4057058375822983,0.2767360704644969,0.0055,0.0,open@16,0.009899999999999999,0.010499999999999999,0.0006,268.4484,0.009899999999999999
2023-06-09,2023-06-11,26492.5,25774.72,-0.02709370576578274,BTC-11JUN23-26500-C,26500.0,0.4972601076306142,0.26484663147701837,0.007,0.0,open@16,BTC-11JUN23-26500-P,26500.0,-0.5018056891329605,0.29144030138917787,0.008,0.028139199960271102,open@16,-0.013889199960271104,0.015,0.00075,-367.9596299474822,-0.013889199960271104
2023-06-16,2023-06-18,25829.0,26599.11,0.02981571102249414,BTC-18JUN23-26000-C,26000.0,0.3943933441633768,0.34914885215981906,0.0065,0.022523685942875554,open@16,BTC-18JUN23-25750-P,25750.0,-0.44132151958495447,0.33237240606597784,0.0075,0.0,open@16,-0.009273685942875557,0.013999999999999999,0.00075,-239.53003421853276,-0.009273685942875557
2023-06-23,2023-06-25,31268.0,30724.36,-0.017386465395931916,BTC-25JUN23-31500-C,31500.0,0.41900416604274837,0.4946607388344565,0.01,0.0,open@16,BTC-25JUN23-31000-P,31000.0,-0.4019496448008515,0.5549307191522317,0.011,0.008971382967781898,open@16,0.011278617032218101,0.020999999999999998,0.00075,352.65979736339557,0.011278617032218101
2023-06-30,2023-07-02,30072.5,30509.37,0.014527225870812233,BTC-2JUL23-30250-C,30250.0,0.4222480143925434,0.4144260998379973,0.0085,0.008501322708400698,open@16,BTC-2JUL23-30000-P,30000.0,-0.45723131280504303,0.3773449423544959,0.009,0.0,open@16,0.008248677291599301,0.0175,0.00075,248.05834785162,0.008248677291599301
2023-07-07,2023-07-09,30410.5,30265.61,-0.004764472797224584,BTC-9JUL23-30500-C,30500.0,0.4485015595578869,0.31075497561373455,0.007,0.0,open@16,BTC-9JUL23-30250-P,30250.0,-0.4020707610109683,0.33067934656515996,0.0065,0.0,open@16,0.0129,0.0135,0.0006,392.29545,0.0129
2023-07-14,2023-07-16,31270.5,30284.87,-0.031519483219008326,BTC-16JUL23-31500-C,31500.0,0.3980917002902461,0.39821799387729073,0.0075,0.0,close@15,BTC-16JUL23-31250-P,31250.0,-0.48330683374136096,0.30887123391436755,0.008,0.03186838840648816,open@16,-0.01711838840648816,0.0155,0.00075,-535.300564665088,-0.01711838840648816
2023-07-21,2023-07-23,29884.0,29903.56,0.0006545308526302307,BTC-23JUL23-30000-C,30000.0,0.4067930050514639,0.23521023065823943,0.0046,0.0,open@16,BTC-23JUL23-29750-P,29750.0,-0.39596388332797594,0.26081356232189234,0.005,0.0,open@16,0.009000000000000001,0.009600000000000001,0.0006,268.956,0.009000000000000001
2023-07-28,2023-07-30,29404.5,29288.63,-0.003940553316669204,BTC-30JUL23-29500-C,29500.0,0.4141189245834874,0.21403457194549336,0.0043,0.0,open@16,BTC-30JUL23-29250-P,29250.0,-0.3550125817448655,0.21382884746610054,0.0035,0.0,close@15,0.0072,0.0078,0.0006,211.7124,0.0072
2023-08-04,2023-08-06,29269.0,29054.75,-0.007320031432573759,BTC-6AUG23-29250-C,29250.0,0.5210487871523681,0.2103789264701063,0.006,0.0,close@15,BTC-6AUG23-29250-P,29250.0,-0.47726598271964216,0.1899146020739198,0.0048,0.006720071588982869,close@15,0.003329928411017131,0.0108,0.00075,97.46367466206041,0.003329928411017131
2023-08-11,2023-08-13,29364.0,29384.23,0.0006889388366706495,BTC-13AUG23-29500-C,29500.0,0.3660944595875948,0.19602780380242302,0.0033,0.0,open@16,BTC-13AUG23-29250-P,29250.0,-0.41216712561649194,0.2704653930367681,0.0055,0.0,open@16,0.008199999999999999,0.008799999999999999,0.0006,240.78479999999996,0.008199999999999999
2023-08-18,2023-08-20,25978.0,26083.62,0.004065747940565023,BTC-20AUG23-26000-C,26000.0,0.49602461697621153,0.47904533851551423,0.0125,0.003205843360699128,open@16,BTC-20AUG23-26000-P,26000.0,-0.5083490586308979,0.37342887196801267,0.0105,0.0,open@16,0.019044156639300872,0.023,0.00075,494.72910117575805,0.019044156639300872
2023-08-25,2023-08-27,25922.5,26035.01,0.004340244960941098,BTC-27AUG23-26000-C,26000.0,0.439617562944752,0.2740550777853097,0.006,0.0013447277339243735,close@15,BTC-27AUG23-25750-P,25750.0,-0.3474965381396864,0.2577230533687057,0.0041,0.0,close@15,0.008005272266075628,0.010100000000000001,0.00075,207.51667031734544,0.008005272266075628
2023-09-01,2023-09-03,25804.5,25927.28,0.004758084830165155,BTC-3SEP23-25750-C,25750.0,0.5421285193653751,0.3306529138186358,0.01,0.006837585739807602,close@15,BTC-3SEP23-25750-P,25750.0,-0.4515953359431433,0.27883518226840165,0.0065,0.0,open@16,0.0089124142601924,0.0165,0.00075,229.98039377713476,0.0089124142601924
2023-09-08,2023-09-10,25839.5,25855.12,0.0006045008610846558,BTC-10SEP23-26000-C,26000.0,0.37409662212322714,0.27735504324022664,0.0048,0.0,close@14,BTC-10SEP23-25750-P,25750.0,-0.4193363513851992,0.2637498909127364,0.0055,0.0,open@16,0.0097,0.0103,0.0006,250.64315000000002,0.0097
2023-09-15,2023-09-17,26324.0,26533.41,0.007955098009420958,BTC-17SEP23-26500-C,26500.0,0.3697073530255008,0.28803909199879885,0.0049,0.0012591672159741193,open@16,BTC-17SEP23-26250-P,26250.0,-0.43126820748244743,0.2531028338555108,0.0055,0.0,open@16,0.00839083278402588,0.0104,0.00075,220.88028220669725,0.00839083278402588
2023-09-22,2023-09-24,26645.0,26562.78,-0.0030857571777069825,BTC-24SEP23-26750-C,26750.0,0.40071473283277687,0.22464397227842042,0.0043,0.0,close@14,BTC-24SEP23-26500-P,26500.0,-0.3410527083683015,0.20046994297868348,0.0031,0.0,open@16,0.0068000000000000005,0.0074,0.0006,181.186,0.0068000000000000005
2023-09-29,2023-10-01,26896.5,27121.6,0.008369118658561492,BTC-1OCT23-27000-C,27000.0,0.41191640299386145,0.2461190412847813,0.0049,0.004483511297268544,open@16,BTC-1OCT23-26750-P,26750.0,-0.3652674459032792,0.2403425533919703,0.0041,0.0,open@16,0.0037664887027314565,0.009000000000000001,0.00075,101.30536339301662,0.0037664887027314565
2023-10-06,2023-10-08,27964.5,27925.03,-0.0014114323517316896,BTC-8OCT23-28000-C,28000.0,0.47729728933187365,0.28240906076145367,0.007,0.0,open@16,BTC-8OCT23-28000-P,28000.0,-0.5238106722666003,0.27239626014455853,0.008,0.0026846882527969055,open@16,0.011565311747203095,0.015,0.00075,323.4181603546609,0.011565311747203095
2023-10-13,2023-10-15,26705.5,26876.84,0.006415906835670615,BTC-15OCT23-26750-C,26750.0,0.474309758642794,0.32646817358967417,0.008,0.004719304799224914,open@16,BTC-15OCT23-26750-P,26750.0,-0.5263533886761018,0.3202852982890986,0.0095,0.0,open@16,0.012030695200775085,0.0175,0.00075,321.28573068429904,0.012030695200775085
2023-10-20,2023-10-22,29565.5,29852.96,0.009722818825996571,BTC-22OCT23-29750-C,29750.0,0.38531377708064646,0.3049847109226068,0.0055,0.0034489042292623288,open@16,BTC-22OCT23-29500-P,29500.0,-0.4523304608002454,0.29929400743673606,0.007,0.0,close@15,0.008301095770737671,0.0125,0.00075,245.42604700974462,0.008301095770737671
2023-10-27,2023-10-29,34016.5,34099.67,0.002444989931356778,BTC-29OCT23-34250-C,34250.0,0.4079073258140636,0.41020748109320904,0.008,0.0,close@14,BTC-29OCT23-34000-P,34000.0,-0.48734210127751865,0.37997844648212,0.01,0.0,open@16,0.0174,0.018000000000000002,0.0006,591.8870999999999,0.0174
2023-11-03,2023-11-05,34799.0,35146.43,0.009983907583551277,BTC-5NOV23-35000-C,35000.0,0.41945891099151894,0.39354352142910065,0.008,0.004166283744892448,open@16,BTC-5NOV23-34750-P,34750.0,-0.47204339306911447,0.3596268030799483,0.009,0.0,open@16,0.012083716255107551,0.017,0.00075,420.50124196148766,0.012083716255107551
2023-11-10,2023-11-12,37104.5,37157.0,0.0014149227182687074,BTC-12NOV23-37250-C,37250.0,0.46866963992613947,0.5880877959328115,0.014,0.0,open@16,BTC-12NOV23-37000-P,37000.0,-0.4549298336776848,0.42173095389746273,0.01,0.0,open@16,0.0234,0.024,0.0006,868.2453,0.0234
2023-11-17,2023-11-19,36058.0,36631.56,0.015906594930389817,BTC-19NOV23-36250-C,36250.0,0.4489610769703965,0.5367394347917391,0.012,0.010416154812953576,close@15,BTC-19NOV23-36000-P,36000.0,-0.471693540368031,0.41900276626033184,0.0105,0.0,open@16,0.011333845187046426,0.0225,0.00075,408.67578975452,0.011333845187046426
2023-11-24,2023-11-26,38272.0,37798.11,-0.012382159280936444,BTC-26NOV23-38500-C,38500.0,0.44095053534166473,0.5282199130519292,0.0115,0.0,open@16,BTC-26NOV23-38000-P,38000.0,-0.41668374666809094,0.550339741528163,0.0115,0.0053412723546230065,open@16,0.016908727645376993,0.023,0.00075,647.1308244438683,0.016908727645376993
2023-12-01,2023-12-03,38435.0,39481.41,0.02722544555743478,BTC-3DEC23-38500-C,38500.0,0.4757963599287249,0.34548217095107014,0.0085,0.024857521552548487,open@16,BTC-3DEC23-38250-P,38250.0,-0.38116140220059025,0.2426739653400391,0.0044,0.0,open@16,-0.012707521552548489,0.012900000000000002,0.00075,-488.41359087220115,-0.012707521552548489
2023-12-08,2023-12-10,43765.0,43916.3,0.0034571004227121893,BTC-10DEC23-44000-C,44000.0,0.43502187651387575,0.4437404850645442,0.0095,0.0,open@16,BTC-10DEC23-43750-P,43750.0,-0.48937395632479586,0.32168342579304166,0.0085,0.0,open@16,0.0174,0.018000000000000002,0.0006,761.511,0.0174
2023-12-15,2023-12-17,41905.0,41884.0,-0.0005011335162868891,BTC-17DEC23-42000-C,42000.0,0.47126263523261563,0.3925828539189833,0.0095,0.0,open@16,BTC-17DEC23-41750-P,41750.0,-0.4319424531962279,0.34309123236957406,0.0075,0.0,open@16,0.016399999999999998,0.017,0.0006,687.242,0.016399999999999998
2023-12-22,2023-12-24,43714.0,43640.99,-0.0016701743148648251,BTC-24DEC23-43750-C,43750.0,0.4907676962402021,0.34877844934417057,0.009,0.0,close@15,BTC-24DEC23-43500-P,43500.0,-0.41949147352585314,0.38162816803147914,0.008,0.0,open@16,0.016399999999999998,0.017,0.0006,716.9096,0.016399999999999998
2023-12-29,2023-12-31,42325.5,42513.08,0.004431843687611625,BTC-31DEC23-42500-C,42500.0,0.43531682593412685,0.3486534163944853,0.0075,0.0003076700159104385,open@16,BTC-31DEC23-42250-P,42250.0,-0.46937091538492326,0.4221442048914906,0.0105,0.0,open@16,0.017053871232100757,0.018000000000000002,0.0006384587519888047,721.8136268342806,0.017053871232100757
2024-01-05,2024-01-07,43541.0,44094.19,0.012705036632139954,BTC-7JAN24-43750-C,43750.0,0.46599701054054293,0.6586537043013301,0.0155,0.007805790286656866,open@16,BTC-7JAN24-43250-P,43250.0,-0.43938173558713667,0.7881740645304258,0.018,0.0,close@14,0.02494420971334313,0.0335,0.00075,1086.0958351286731,0.02494420971334313
2024-01-12,2024-01-14,44429.0,42940.22,-0.03350919444506961,BTC-14JAN24-44500-C,44500.0,0.4864937630214204,0.4738283846197989,0.012,0.0,open@16,BTC-14JAN24-44500-P,44500.0,-0.5126983179004874,0.48874645117819737,0.014,0.03632445292548568,open@16,-0.011074452925485685,0.026000000000000002,0.00075,-492.0268690264035,-0.011074452925485685
2024-01-19,2024-01-21,40863.0,41623.28,0.018605584514107987,BTC-21JAN24-41000-C,41000.0,0.45753127999219256,0.41092086920350557,0.0095,0.014974312452070064,open@16,BTC-21JAN24-40500-P,40500.0,-0.3724602570312495,0.4245963944447536,0.0075,0.0,open@16,0.001275687547929936,0.017,0.00075,52.128420271060975,0.001275687547929936
2024-01-26,2024-01-28,41407.0,42420.63,0.024479677349240392,BTC-28JAN24-41500-C,41500.0,0.46751328398854564,0.355019277921074,0.0085,0.021702412246116982,open@16,BTC-28JAN24-41500-P,41500.0,-0.571785772089975,0.17761517982374542,0.006,0.0,open@16,-0.007952412246116982,0.0145,0.00075,-329.28553387496584,-0.007952412246116982
2024-02-02,2024-02-04,43229.0,42814.71,-0.009583612852483325,BTC-4FEB24-43500-C,43500.0,0.39847875616565204,0.3439196261988777,0.0065,0.0,open@16,BTC-4FEB24-43000-P,43000.0,-0.354282955687507,0.21444550770118048,0.0035,0.0043277182071302335,open@16,0.004922281792869767,0.01,0.00075,212.78531962396715,0.004922281792869767
2024-02-09,2024-02-11,47171.5,48170.6,0.021180161750209203,BTC-11FEB24-47500-C,47500.0,0.406897149101506,0.4117142776393251,0.008,0.013921354519146504,open@16,BTC-11FEB24-47000-P,47000.0,-0.42568033063382527,0.30435472910628103,0.0065,0.0,open@16,-0.00017135451914650386,0.014499999999999999,0.00075,-8.083049699919307,-0.00017135451914650386
2024-02-16,2024-02-18,51929.0,51698.64,-0.00443605692387683,BTC-18FEB24-52000-C,52000.0,0.4882058285077975,0.45120387877677925,0.0115,0.0,open@16,BTC-18FEB24-52000-P,52000.0,-0.5125343858951481,0.4375744575096224,0.0125,0.0058291668794382325,close@14,0.01742083312056177,0.024,0.00075,904.6464431176521,0.01742083312056177
2024-02-23,2024-02-25,50928.0,51728.04,0.015709236569274365,BTC-25FEB24-51000-C,51000.0,0.4816295944597841,0.3592202022479064,0.009,0.014074378228906429,open@16,BTC-25FEB24-51000-P,51000.0,-0.5143097109419847,0.4181104543448194,0.012,0.0,open@16,0.006175621771093571,0.020999999999999998,0.00075,314.51206555825337,0.006175621771093571
2024-03-01,2024-03-03,61304.0,61649.45,0.005635031971812587,BTC-3MAR24-61500-C,61500.0,0.47631979072889097,0.5943836402616032,0.0145,0.002424190321243695,open@16,BTC-3MAR24-61000-P,61000.0,-0.4249809054337529,0.4204806726356277,0.009,0.0,open@16,0.020325809678756305,0.0235,0.00075,1246.0534365464764,0.020325809678756305
2024-03-08,2024-03-10,67765.5,69463.42,0.02505581748824981,BTC-10MAR24-68000-C,68000.0,0.4647586829838195,0.4872670359086364,0.0115,0.02106749135012354,open@16,BTC-10MAR24-67500-P,67500.0,-0.46228375634144725,0.9073628501488573,0.0225,0.0,open@16,0.012182508649876458,0.034,0.00075,825.5537899132031,0.012182508649876458
2024-03-15,2024-03-17,68171.0,65390.36,-0.04078919188511243,BTC-17MAR24-68500-C,68500.0,0.4593268042422325,0.5845713555984065,0.0135,0.0,open@16,BTC-17MAR24-68000-P,68000.0,-0.4682345642278024,0.6398141021579953,0.016,0.03990863485076392,open@16,-0.011158634850763925,0.0295,0.00075,-760.6952964114275,-0.011158634850763925
2024-03-22,2024-03-24,63893.5,64269.51,0.005884949173233567,BTC-24MAR24-64000-C,64000.0,0.48461670872766194,0.4564765798653029,0.0115,0.004193434802910463,open@16,BTC-24MAR24-63500-P,63500.0,-0.4270667092144004,0.5535935467970221,0.012,0.0,close@15,0.018556565197089536,0.0235,0.00075,1185.6438984202402,0.018556565197089536
2024-03-29,2024-03-31,69229.0,70272.4,0.015071718499472642,BTC-31MAR24-69500-C,69500.0,0.4580621063949885,0.4762229708421438,0.011,0.01099151302645127,open@16,BTC-31MAR24-69000-P,69000.0,-0.44038350248376257,0.3553341302057582,0.008,0.0,open@16,0.00725848697354873,0.019,0.00075,502.49779469180504,0.00725848697354873
2024-04-05,2024-04-07,68233.5,69418.77,0.017370792938952384,BTC-7APR24-68500-C,68500.0,0.4559437810006413,0.45742060527124384,0.0105,0.013235181205313837,open@16,BTC-7APR24-68000-P,68000.0,-0.45070060179399274,0.46960309321124305,0.011,0.0,open@16,0.007514818794686163,0.0215,0.00075,512.7623882272183,0.007514818794686163
2024-04-12,2024-04-14,69304.0,64577.72,-0.06819635230289733,BTC-14APR24-69500-C,69500.0,0.46800734984372894,0.4393546215532286,0.0105,0.0,open@16,BTC-14APR24-69000-P,69000.0,-0.44356734818791665,0.5236431132014077,0.012,0.06847996491669261,open@16,-0.046729964916692616,0.0225,0.00075,-3238.573488586465,-0.046729964916692616
2024-04-19,2024-04-21,64443.5,65070.76,0.009733487473523317,BTC-21APR24-65000-C,65000.0,0.4328811759671871,0.6644826051889625,0.014,0.0010874315898569808,close@15,BTC-21APR24-64000-P,64000.0,-0.4136843182739812,0.5087188337613271,0.0105,0.0,close@12,0.022676639461410898,0.0245,0.0007359289487321225,1461.3620151314333,0.022676639461410898
2024-04-26,2024-04-28,63446.0,63910.25,0.007317246162090507,BTC-28APR24-63500-C,63500.0,0.4913033886523139,0.36782315147189515,0.0095,0.006419158116264605,open@16,BTC-28APR24-63500-P,63500.0,-0.5127567334635166,0.2991318528672765,0.0085,0.0,open@16,0.010830841883735395,0.018000000000000002,0.00075,687.1735941554758,0.010830841883735395
2024-05-03,2024-05-05,61742.5,63798.44,0.03329861926549782,BTC-5MAY24-62000-C,62000.0,0.4575796922487819,0.4991221277466442,0.0115,0.028189404004235877,open@16,BTC-5MAY24-61500-P,61500.0,-0.4318759958562036,0.3657140375376846,0.008,0.0,open@16,-0.00943940400423588,0.0195,0.00075,-582.8124017315338,-0.00943940400423588
2024-05-10,2024-05-12,60910.0,60729.55,-0.0029625677228697356,BTC-12MAY24-61000-C,61000.0,0.4834311362133015,0.39746997571000686,0.01,0.0,open@16,BTC-12MAY24-60500-P,60500.0,-0.40932784865259486,0.4682520454477389,0.0095,0.0,open@16,0.0189,0.0195,0.0006,1151.199,0.0189
2024-05-17,2024-05-19,67257.0,67234.47,-0.0003349837191667371,BTC-19MAY24-67500-C,67500.0,0.44572748683145175,0.35916439405227274,0.008,0.0,open@16,BTC-19MAY24-67000-P,67000.0,-0.43854062373477465,0.4015217022873422,0.009,0.0,open@16,0.016399999999999998,0.017,0.0006,1103.0148,0.016399999999999998
2024-05-24,2024-05-26,68325.5,69302.07,0.014292906747846779,BTC-26MAY24-68500-C,68500.0,0.4512507180075654,0.2856307488705786,0.0065,0.011573535970859267,open@16,BTC-26MAY24-68000-P,68000.0,-0.4175426471960285,0.36055038098034764,0.0075,0.0,open@16,0.0016764640291407323,0.013999999999999999,0.00075,114.54524302305511,0.0016764640291407323
2024-05-31,2024-06-02,67166.5,67701.8,0.00796974682319318,BTC-2JUN24-67500-C,67500.0,0.42455726719316067,0.3620001983459641,0.0075,0.002980718385626422,open@16,BTC-2JUN24-67000-P,67000.0,-0.4635592405738572,0.4903709797972441,0.012,0.0,open@16,0.01576928161437358,0.0195,0.00075,1059.167453551823,0.01576928161437358
2024-06-07,2024-06-09,71083.0,69338.58,-0.024540607458886088,BTC-9JUN24-71500-C,71500.0,0.4088762697863279,0.3569564170036834,0.007,0.0,open@16,BTC-9JUN24-71000-P,71000.0,-0.47499316749770026,0.3367221883219096,0.0085,0.023960975260814373,open@16,-0.009210975260814373,0.0155,0.00075,-654.7437544644681,-0.009210975260814373
2024-06-14,2024-06-16,66357.0,66238.95,-0.0017790135177901956,BTC-16JUN24-66500-C,66500.0,0.4407321507290515,0.20419491700724596,0.0045,0.0,open@16,BTC-16JUN24-66000-P,66000.0,-0.41366257804618634,0.38947063572361207,0.008,0.0,open@16,0.0119,0.0125,0.0006,789.6483000000001,0.0119
2024-06-21,2024-06-23,63687.5,64380.94,0.010888164867517203,BTC-23JUN24-64000-C,64000.0,0.415594795636535,0.3232347910150406,0.0065,0.005916968593499913,open@16,BTC-23JUN24-63500-P,63500.0,-0.4401777710201329,0.3116877628793384,0.007,0.0,open@16,0.006833031406500087,0.0135,0.00075,435.1786877014743,0.006833031406500087
2024-06-28,2024-06-30,60988.0,61443.41,0.0074672066636061185,BTC-30JUN24-61000-C,61000.0,0.4985524792137804,0.24472639214806707,0.0065,0.0072165591069897235,open@16,BTC-30JUN24-61000-P,61000.0,-0.49821237681471686,0.36725948526014984,0.01,0.0,close@15,0.008533440893010277,0.0165,0.00075,520.4374931829108,0.008533440893010277
2024-07-05,2024-07-07,56695.0,57263.97,0.010035629244201427,BTC-7JUL24-57000-C,57000.0,0.42391944793248143,0.38737566879046037,0.008,0.004609704845821922,open@16,BTC-7JUL24-56500-P,56500.0,-0.4518997092945555,0.48859136568251493,0.0115,0.0,open@16,0.014140295154178077,0.0195,0.00075,801.684033766126,0.014140295154178077
2024-07-12,2024-07-14,58237.0,60039.57,0.030952315538231634,BTC-14JUL24-58500-C,58500.0,0.43416194915728573,0.37373852895765247,0.008,0.02564258871274394,open@16,BTC-14JUL24-58000-P,58000.0,-0.4231486849244781,0.3303364850821676,0.007,0.0,open@16,-0.011392588712743942,0.015,0.00075,-663.470188864069,-0.011392588712743942
2024-07-19,2024-07-21,65873.5,66730.41,0.013008417648978865,BTC-21JUL24-66000-C,66000.0,0.4789936438171065,0.42376790224771266,0.0105,0.010945684283971932,open@16,BTC-21JUL24-65500-P,65500.0,-0.3913945326837036,0.3175867208513753,0.006,0.0,open@16,0.004804315716028069,0.0165,0.00075,316.477091319775,0.004804315716028069
2024-07-26,2024-07-28,67578.0,67449.34,-0.0019038740418479971,BTC-28JUL24-68000-C,68000.0,0.4705710460976823,0.8873825780267586,0.021,0.0,open@16,BTC-28JUL24-67000-P,67000.0,-0.42751608790291884,0.8201682564386314,0.018,0.0,open@16,0.0384,0.039,0.0006,2594.9952,0.0384
2024-08-02,2024-08-04,63352.0,60363.26,-0.047176726859451956,BTC-4AUG24-63500-C,63500.0,0.4782654010450593,0.486693682294731,0.012,0.0,open@16,BTC-4AUG24-63000-P,63000.0,-0.4305874944074328,0.5246814785141674,0.0115,0.04368120608462826,open@16,-0.020931206084628264,0.0235,0.00075,-1326.0337678733697,-0.020931206084628264
2024-08-09,2024-08-11,59845.0,61217.51,0.022934413902581774,BTC-11AUG24-60000-C,60000.0,0.4874107363372785,0.6953046250069688,0.0175,0.01988826399505635,open@16,BTC-11AUG24-59500-P,59500.0,-0.42863998056403896,0.5281692287396251,0.0115,0.0,open@16,0.008361736004943651,0.029,0.00075,500.40809121585283,0.008361736004943651
2024-08-16,2024-08-18,58084.0,59598.7,0.026077749466290046,BTC-18AUG24-58500-C,58500.0,0.43351874272552193,0.5661250826809545,0.012,0.01843496586334932,open@16,BTC-18AUG24-58000-P,58000.0,-0.47316734066049604,0.39749294517220957,0.01,0.0,open@16,0.0028150341366506805,0.022,0.00075,163.50844279321814,0.0028150341366506805
2024-08-23,2024-08-25,61553.0,63904.73,0.03820658619401174,BTC-25AUG24-62000-C,62000.0,0.3933446113895197,0.37786795846305554,0.007,0.02980577494029007,open@16,BTC-25AUG24-61500-P,61500.0,-0.4816465498179944,0.3868849301679722,0.01,0.0,open@16,-0.013555774940290075,0.017,0.00075,-834.398614899675,-0.013555774940290075
2024-08-30,2024-09-01,58076.0,58292.93,0.0037352779117019175,BTC-1SEP24-58500-C,58500.0,0.3984811484545361,0.3976466116298367,0.0075,0.0,open@16,BTC-1SEP24-58000-P,58000.0,-0.47759024899442515,0.48791236573795704,0.0125,0.0,open@16,0.0194,0.02,0.0006,1126.6744,0.0194
2024-09-06,2024-09-08,54012.0,54465.82,0.008402206916981347,BTC-8SEP24-54500-C,54500.0,0.41292097932909044,0.5572429078791088,0.011,0.0,open@16,BTC-8SEP24-54000-P,54000.0,-0.49027435160806343,0.5420745753560157,0.0145,0.0,open@16,0.0249,0.025500000000000002,0.0006,1344.8988,0.0249
2024-09-13,2024-09-15,59680.0,60201.3,0.008734919571045552,BTC-15SEP24-60000-C,60000.0,0.43174378578802797,0.42480885145096636,0.009,0.003343781612689475,open@16,BTC-15SEP24-59500-P,59500.0,-0.4489293793192405,0.3878194727049471,0.009,0.0,open@16,0.013906218387310524,0.018,0.00075,829.9231133546921,0.013906218387310524
2024-09-20,2024-09-22,63176.5,62947.66,-0.0036222329505433137,BTC-22SEP24-63500-C,63500.0,0.40694199956200394,0.30749342459014506,0.006,0.0,open@16,BTC-22SEP24-63000-P,63000.0,-0.4536584913282302,0.40266811294836746,0.0095,0.0008314844427893984,open@16,0.013964580001861928,0.0155,0.0007039355553486747,882.2332884876301,0.013964580001861928
2024-09-27,2024-09-29,66035.0,65513.74,-0.00789369273869922,BTC-29SEP24-66500-C,66500.0,0.39567951865758827,0.37460892078575747,0.007,0.0,open@16,BTC-29SEP24-66000-P,66000.0,-0.4856612548278907,0.3065745659247354,0.008,0.0074222598190853105,open@16,0.00682774018091469,0.015,0.00075,450.86982284670154,0.00682774018091469
2024-10-04,2024-10-06,61883.0,61964.46,0.001316355057124019,BTC-6OCT24-62000-C,62000.0,0.4793668589112181,0.42325213109850546,0.0105,0.0,open@16,BTC-6OCT24-61500-P,61500.0,-0.40026534874095077,0.38327408892049386,0.0075,0.0,open@16,0.0174,0.018000000000000002,0.0006,1076.7641999999998,0.0174
2024-10-11,2024-10-13,62279.5,62764.29,0.007784102312960117,BTC-13OCT24-62500-C,62500.0,0.44669796952880186,0.3579790319331214,0.008,0.00421083389933991,open@16,BTC-13OCT24-62000-P,62000.0,-0.40802258452226203,0.2991232340120671,0.006,0.0,open@16,0.009039166100660091,0.014,0.00075,562.9547451660601,0.009039166100660091
2024-10-18,2024-10-20,68748.5,68371.22,-0.005487828825356145,BTC-20OCT24-69000-C,69000.0,0.44830943926653644,0.3786173860208143,0.0085,0.0,open@16,BTC-20OCT24-68500-P,68500.0,-0.4331431102501442,0.34169141192334296,0.0075,0.0018835410571874955,close@15,0.013366458942812506,0.016,0.00075,918.9240026299456,0.013366458942812506
2024-10-25,2024-10-27,67664.0,67104.46,-0.008269389926696569,BTC-27OCT24-68000-C,68000.0,0.3952559617370787,0.2668868364255641,0.005,0.0,open@16,BTC-27OCT24-67500-P,67500.0,-0.44875566832239744,0.3028653801731155,0.007,0.005894392116410646,open@16,0.0053556078835893545,0.012,0.00075,362.3818518351901,0.0053556078835893545
2024-11-01,2024-11-03,69361.5,68382.64,-0.014112439898214424,BTC-3NOV24-69500-C,69500.0,0.47803679897225676,0.4250942562913649,0.0105,0.0,open@16,BTC-3NOV24-69000-P,69000.0,-0.41188656491779163,0.36776526670795184,0.0075,0.009028022316775143,open@16,0.008221977683224857,0.018000000000000002,0.00075,570.288705075001,0.008221977683224857
2024-11-08,2024-11-10,76542.0,78903.23,0.030848815029656862,BTC-10NOV24-77000-C,77000.0,0.4075000939987985,0.35873862159488323,0.007,0.024121065766255653,open@16,BTC-10NOV24-76500-P,76500.0,-0.4859468135398354,0.34403596053962016,0.009,0.0,open@16,-0.008871065766255657,0.016,0.00075,-679.0091158807405,-0.008871065766255657
2024-11-15,2024-11-17,88453.0,90562.87,0.023853006681514355,BTC-17NOV24-89000-C,89000.0,0.43333676180497094,0.49426630383373993,0.0105,0.017257293193115406,open@16,BTC-17NOV24-88000-P,88000.0,-0.39886779095503966,0.30908438164561414,0.006,0.0,open@16,-0.0015072931931154046,0.0165,0.00075,-133.32460481063688,-0.0015072931931154046
2024-11-22,2024-11-24,98868.5,98385.81,-0.0048821414302836486,BTC-24NOV24-99000-C,99000.0,0.49360715189361554,0.5618578888360792,0.0145,0.0,close@15,BTC-24NOV24-98000-P,98000.0,-0.3972801667862139,0.5391574918425828,0.0105,0.0,open@16,0.0244,0.025,0.0006,2412.3914,0.0244
2024-11-29,2024-12-01,98184.5,96505.07,-0.01710483834006382,BTC-1DEC24-99000-C,99000.0,0.3886500081488017,0.41245682790497706,0.0075,0.0,open@16,BTC-1DEC24-98000-P,98000.0,-0.4635589970370112,0.34938700101072406,0.0085,0.015490688727545537,open@16,-0.00024068872754553616,0.016,0.00075,-23.631902369694696,-0.00024068872754553616
2024-12-06,2024-12-08,99459.5,99835.08,0.003776210417305581,BTC-8DEC24-100000-C,100000.0,0.4343545436665176,0.444770638048852,0.0095,0.0,open@16,BTC-8DEC24-99000-P,99000.0,-0.43964992940920666,0.5088821494390574,0.0115,0.0,close@14,0.0204,0.020999999999999998,0.0006,2028.9738000000002,0.0204
2024-12-13,2024-12-15,99907.5,101676.55,0.017706878862948194,BTC-15DEC24-100000-C,100000.0,0.49202813099987486,0.40626045210427775,0.0105,0.01648905278552432,open@16,BTC-15DEC24-100000-P,100000.0,-0.5096767072204493,0.37190768049257583,0.0105,0.0,open@16,0.0037609472144756817,0.021,0.00075,375.74683383022915,0.0037609472144756817
2024-12-20,2024-12-22,96900.0,96186.4,-0.007364293085655338,BTC-22DEC24-97000-C,97000.0,0.4971630864691562,0.5750982141661638,0.015,0.0,open@16,BTC-22DEC24-96000-P,96000.0,-0.42050367367318386,0.7947556294235922,0.017,0.0,close@15,0.0314,0.032,0.0006,3042.66,0.0314
2024-12-27,2024-12-29,94473.5,95024.67,0.005834122796339658,BTC-29DEC24-95000-C,95000.0,0.4257844611163579,0.4092842130900044,0.0085,0.00025961679214459,open@16,BTC-29DEC24-94000-P,94000.0,-0.4295656608383859,0.4590821867707092,0.01,0.0,open@16,0.017607931108837335,0.018500000000000003,0.0006324520990180736,1663.482879610744,0.017607931108837335
2025-01-03,2025-01-05,97489.0,98299.68,0.008315604837468848,BTC-5JAN25-98000-C,98000.0,0.4212004776145511,0.3663174653618304,0.0075,0.003048636577453691,open@16,BTC-5JAN25-97000-P,97000.0,-0.4003505718505733,0.3074378481159459,0.006,0.0,open@16,0.009701363422546308,0.0135,0.00075,945.776218700617,0.009701363422546308
2025-01-10,2025-01-12,93738.5,94312.89,0.00612757831627353,BTC-12JAN25-94000-C,94000.0,0.46225809118444705,0.38284977501833617,0.009,0.0033175740876989286,open@16,BTC-12JAN25-93000-P,93000.0,-0.39501775878871137,0.4673106166110982,0.009,0.0,open@16,0.01393242591230107,0.018,0.00075,1306.0047063802338,0.01393242591230107
2025-01-17,2025-01-19,104089.0,104956.04,0.008329794694924564,BTC-19JAN25-105000-C,105000.0,0.41506613855232233,0.5529509704790518,0.011,0.0,open@16,BTC-19JAN25-104000-P,104000.0,-0.48237858175258597,0.42390732427772393,0.011,0.0,open@16,0.0214,0.022,0.0006,2227.5045999999998,0.0214
2025-01-24,2025-01-26,105901.0,104981.21,-0.008685375964344044,BTC-26JAN25-106000-C,106000.0,0.4927477022651858,0.42497148508592786,0.011,0.0,open@16,BTC-26JAN25-106000-P,106000.0,-0.5088730813729998,0.390286958570088,0.011,0.009704498547882936,open@16,0.011545501452117062,0.022,0.00075,1222.680149280649,0.011545501452117062
2025-01-31,2025-02-02,105481.5,99719.08,-0.054629674397880135,BTC-2FEB25-106000-C,106000.0,0.4033388403737229,0.2852933785944677,0.0055,0.0,open@16,BTC-2FEB25-105000-P,105000.0,-0.4068786442706681,0.3003416796813011,0.006,0.052957969527998035,open@16,-0.04220796952799803,0.0115,0.00075,-4452.159937767525,-0.04220796952799803
2025-02-07,2025-02-09,98337.0,97095.29,-0.012627088481446558,BTC-9FEB25-99000-C,99000.0,0.37078527806752015,0.29275691365901235,0.005,0.0,open@16,BTC-9FEB25-98000-P,98000.0,-0.44744301107924767,0.4322885706852444,0.01,0.009317753724202342,open@16,0.0049322462757976585,0.015,0.00075,485.0223020231143,0.0049322462757976585
2025-02-14,2025-02-16,96960.0,97372.82,0.004257632013201285,BTC-16FEB25-97000-C,97000.0,0.495329745183268,0.2857421809652173,0.0075,0.0038287891836757625,open@16,BTC-16FEB25-97000-P,97000.0,-0.5053587478245878,0.2704378736155275,0.0075,0.0,open@16,0.010421210816324238,0.015,0.00075,1010.4406007507981,0.010421210816324238
2025-02-21,2025-02-23,98157.5,96516.23,-0.016720780378473465,BTC-23FEB25-98000-C,98000.0,0.5352903708002578,0.30341131439305624,0.009,0.0,open@16,BTC-23FEB25-98000-P,98000.0,-0.46902880232893873,0.36313662164322114,0.009,0.015373269345476965,open@16,0.001876730654523034,0.018,0.00075,184.2151892213447,0.001876730654523034
2025-02-28,2025-03-02,83991.5,86226.42,0.026608883041736364,BTC-2MAR25-85000-C,85000.0,0.414695307578071,0.73499577845597,0.0145,0.014223250831937569,open@16,BTC-2MAR25-84000-P,84000.0,-0.4950692399068628,0.46179982377121853,0.0125,0.0,open@16,0.012026749168062432,0.027000000000000003,0.00075,1010.1447027493157,0.012026749168062432
2025-03-07,2025-03-09,88413.5,85976.18,-0.027567283276875187,BTC-9MAR25-89000-C,89000.0,0.4292731154930033,0.5013436522653403,0.0105,0.0,open@16,BTC-9MAR25-88000-P,88000.0,-0.45252920490635207,0.7344285220342441,0.0175,0.02353931053926805,open@16,0.0037106894607319514,0.028000000000000004,0.00075,328.07504263642437,0.0037106894607319514
2025-03-14,2025-03-16,84757.5,84277.61,-0.005661917824381302,BTC-16MAR25-85000-C,85000.0,0.4711040131998203,0.4771186984930088,0.0115,0.0,open@16,BTC-16MAR25-84000-P,84000.0,-0.392814752613591,0.5223440117117346,0.01,0.0,open@16,0.020900000000000002,0.0215,0.0006,1771.4317500000002,0.020900000000000002
2025-03-21,2025-03-23,83512.5,84280.72,0.009198862445741751,BTC-23MAR25-84000-C,84000.0,0.3905417257610439,0.29906813917589714,0.0055,0.0033307736336376952,open@16,BTC-23MAR25-83000-P,83000.0,-0.3853368231813342,0.32473835851922306,0.006,0.0,open@16,0.007419226366362304,0.0115,0.00075,619.598141920832,0.007419226366362304
2025-03-28,2025-03-30,84004.5,83114.29,-0.010597170389681554,BTC-30MAR25-84000-C,84000.0,0.505841490567456,0.36997224934131534,0.01,0.0,open@16,BTC-30MAR25-84000-P,84000.0,-0.4943416687294091,0.35341028384878725,0.0095,0.010656530904613472,open@16,0.008093469095386528,0.0195,0.00075,679.8878246233976,0.008093469095386528
2025-04-04,2025-04-06,82842.0,83048.44,0.002491972670867426,BTC-6APR25-83000-C,83000.0,0.4880472360954086,0.5720424263417674,0.0145,0.0005832740506625089,open@16,BTC-6APR25-83000-P,83000.0,-0.5156819834376292,0.5012513723922041,0.0145,0.0,open@16,0.02774381669300468,0.029,0.0006729092563328136,2298.3532624818936,0.02774381669300468
2025-04-11,2025-04-13,82482.0,84514.41,0.024640648868844206,BTC-13APR25-83000-C,83000.0,0.42226445396413215,0.4392047224911477,0.009,0.017918956069148485,open@16,BTC-13APR25-82000-P,82000.0,-0.42097108297645736,0.4728254298304442,0.01,0.0,open@16,0.00033104393085151354,0.019,0.00075,27.30516550449454,0.00033104393085151354
2025-04-18,2025-04-20,84351.5,84760.36,0.004847098154745266,BTC-20APR25-85000-C,85000.0,0.31316418504386867,0.22913077987306263,0.0031,0.0,open@16,BTC-20APR25-84000-P,84000.0,-0.3954962866203351,0.24055049732116812,0.0046,0.0,open@16,0.0071,0.0077,0.0006,598.89565,0.0071
2025-04-25,2025-04-27,95122.0,94107.25,-0.010667879144677372,BTC-27APR25-95000-C,95000.0,0.5299248320524146,0.2910893020940595,0.0085,0.0,open@16,BTC-27APR25-95000-P,95000.0,-0.4694420282238385,0.2830003086345799,0.007,0.009486516713643211,open@16,0.00526348328635679,0.0155,0.00075,500.6730571648306,0.00526348328635679
2025-05-02,2025-05-04,97369.5,95870.29,-0.0153971212751427,BTC-4MAY25-98000-C,98000.0,0.3823589197634677,0.30840737509525973,0.0055,0.0,open@16,BTC-4MAY25-97000-P,97000.0,-0.38673355115731656,0.2001749665967194,0.0037,0.011783734043153582,open@16,-0.003333734043153583,0.0092,0.00075,-324.60401691484276,-0.003333734043153583
2025-05-09,2025-05-11,102917.5,103554.89,0.006193213010420973,BTC-11MAY25-103000-C,103000.0,0.49010428184009697,0.32983426712284936,0.0085,0.005358414267061647,open@16,BTC-11MAY25-103000-P,103000.0,-0.5094835057642391,0.3371955488852374,0.0095,0.0,open@16,0.011891585732938354,0.018000000000000002,0.00075,1223.852274669683,0.011891585732938354
2025-05-16,2025-05-18,104200.0,103686.32,-0.00492975047984634,BTC-18MAY25-104000-C,104000.0,0.5443855163291549,0.27852851659255484,0.0085,0.0,open@16,BTC-18MAY25-104000-P,104000.0,-0.4409995303360287,0.2007114978254037,0.0045,0.003025278551693155,open@16,0.009224721448306845,0.013000000000000001,0.00075,961.2159749135732,0.009224721448306845
2025-05-23,2025-05-25,108974.0,107651.15,-0.012139134105383032,BTC-25MAY25-109000-C,109000.0,0.49757177884947706,0.24548895945046995,0.0065,0.0,open@16,BTC-25MAY25-109000-P,109000.0,-0.49935840507044604,0.3479231552366542,0.0095,0.01252982434465406,open@16,0.002720175655345939,0.016,0.00075,296.4284218656684,0.002720175655345939
2025-05-30,2025-06-01,105530.0,104323.53,-0.011432483653937231,BTC-1JUN25-106000-C,106000.0,0.4102370784827428,0.27825797176239864,0.0055,0.0,open@16,BTC-1JUN25-105000-P,105000.0,-0.43378807801650776,0.496901569646946,0.011,0.006484347299214292,open@16,0.009265652700785706,0.0165,0.00075,977.8043295139156,0.009265652700785706
2025-06-06,2025-06-08,105161.0,105497.88,0.0032034689666322613,BTC-8JUN25-105000-C,105000.0,0.5396215194043099,0.24897722427789554,0.0075,0.004719336540222463,open@16,BTC-8JUN25-105000-P,105000.0,-0.4605299358032924,0.2501323140110161,0.006,0.0,open@16,0.008030663459777536,0.0135,0.00075,844.5126000936655,0.008030663459777536
2025-06-13,2025-06-15,105485.0,105421.51,-0.0006018865241503857,BTC-15JUN25-106000-C,106000.0,0.4159239795557598,0.3228552504622443,0.0065,0.0,open@16,BTC-15JUN25-105000-P,105000.0,-0.4113831275096169,0.31990974232723113,0.0065,0.0,open@16,0.0124,0.013,0.0006,1308.014,0.0124
2025-06-20,2025-06-22,104210.5,102439.14,-0.016997903282298776,BTC-22JUN25-104000-C,104000.0,0.5467914654782721,0.27650780838255695,0.0085,0.0,open@16,BTC-22JUN25-104000-P,104000.0,-0.45331379418098483,0.2772529678435457,0.0065,0.015236949470680841,open@16,-0.0009869494706808424,0.015,0.00075,-102.85049781438592,-0.0009869494706808424
2025-06-27,2025-06-29,107391.0,107382.22,-8.175731672110942e-05,BTC-29JUN25-108000-C,108000.0,0.33243511911063894,0.19035106564212245,0.0028,0.0,open@16,BTC-29JUN25-107000-P,107000.0,-0.39187096683418254,0.20169056384485406,0.0038,0.0,open@16,0.006,0.0066,0.0006,644.346,0.006
2025-07-04,2025-07-06,107637.0,108105.76,0.0043550080362699806,BTC-6JUL25-108000-C,108000.0,0.41912477248663293,0.2349388174981869,0.0048,0.0009783012487030733,open@16,BTC-6JUL25-107000-P,107000.0,-0.35148356828105487,0.23526067359665198,0.0038,0.0,open@16,0.006899411095209042,0.0086,0.0007222876560878842,742.6319120550157,0.006899411095209042
2025-07-11,2025-07-13,116966.0,118004.91,0.00888215378828039,BTC-13JUL25-117000-C,117000.0,0.49839150232103907,0.30207980256993183,0.008,0.008515832095461142,open@16,BTC-13JUL25-117000-P,117000.0,-0.5026146646397815,0.2727492394373442,0.0075,0.0,open@16,0.006234167904538858,0.0155,0.00075,729.1856831222921,0.006234167904538858
2025-07-18,2025-07-20,117896.5,118134.26,0.002016684125482948,BTC-20JUL25-118000-C,118000.0,0.48764545650204644,0.3126390291970079,0.008,0.0011365035003393154,open@16,BTC-20JUL25-118000-P,118000.0,-0.514720319819443,0.2800552918227097,0.008,0.0,open@16,0.014121433562118271,0.016,0.0007420629375424143,1664.8675919562768,0.014121433562118271
2025-07-25,2025-07-27,115837.5,118189.48,0.02030413294485811,BTC-27JUL25-116000-C,116000.0,0.46993228690061006,0.24754691344340335,0.006,0.018525168229862724,open@16,BTC-27JUL25-116000-P,116000.0,-0.5357524853187279,0.21394298758343472,0.0065,0.0,open@16,-0.006775168229862725,0.0125,0.00075,-784.8185498267234,-0.006775168229862725
2025-08-01,2025-08-03,115340.5,113675.85,-0.014432484686645153,BTC-3AUG25-116000-C,116000.0,0.3650419017738253,0.2389645613436287,0.004,0.0,open@16,BTC-3AUG25-115000-P,115000.0,-0.4174603446138502,0.2176269094479683,0.0045,0.011648472388814283,open@16,-0.003898472388814283,0.0085,0.00075,-449.6517545620338,-0.003898472388814283
2025-08-08,2025-08-10,116260.5,117810.81,0.01333479556685191,BTC-10AUG25-116000-C,116000.0,0.5762762879495309,0.17812990038608312,0.006,0.015370491044073101,open@16,BTC-10AUG25-116000-P,116000.0,-0.42714841964773753,0.18721610836433472,0.004,0.0,close@15,-0.0061204910440731015,0.01,0.00075,-711.5713490294609,-0.0061204910440731015
2025-08-15,2025-08-17,117347.5,118055.72,0.0060352372227785445,BTC-17AUG25-118000-C,118000.0,0.3526989892675312,0.21300603859297057,0.0034,0.0004719805190294986,open@16,BTC-17AUG25-117000-P,117000.0,-0.4328157017190962,0.27440568704161517,0.006,0.0,open@16,0.008269021916091815,0.0094,0.0006589975648786873,970.3490492985843,0.008269021916091815
2025-08-22,2025-08-24,116434.0,114947.06,-0.012770668361475224,BTC-24AUG25-117000-C,117000.0,0.4105333777929808,0.30353255958857484,0.006,0.0,open@16,BTC-24AUG25-116000-P,116000.0,-0.4147781209472413,0.26799082074366243,0.0055,0.009160216885929943,open@16,0.0015897831140700572,0.0115,0.00075,185.10480710363305,0.0015897831140700572
2025-08-29,2025-08-31,108415.5,108740.4,0.00299680396253299,BTC-31AUG25-109000-C,109000.0,0.38896359650286155,0.2731986099812732,0.005,0.0,open@16,BTC-31AUG25-108000-P,108000.0,-0.40297327303593256,0.2391829746232066,0.0047,0.0,open@16,0.0091,0.0097,0.0006,986.58105,0.0091
2025-09-05,2025-09-07,110710.0,110775.94,0.0005956101526511937,BTC-7SEP25-111000-C,111000.0,0.44615036980769,0.268010136346454,0.006,0.0,open@16,BTC-7SEP25-110000-P,110000.0,-0.3676012347930082,0.2899097054786274,0.005,0.0,open@16,0.0104,0.011,0.0006,1151.384,0.0104
2025-09-12,2025-09-14,115196.5,115845.09,0.005630292587014418,BTC-14SEP25-115000-C,115000.0,0.5555850110521205,0.18941236709795473,0.006,0.00729500059087525,open@16,BTC-14SEP25-115000-P,115000.0,-0.44130645584016637,0.17838519822527393,0.004,0.0,open@16,0.0019549994091247504,0.01,0.00075,225.2090894332393,0.0019549994091247504
2025-09-19,2025-09-21,115957.5,115781.23,-0.0015201259081991658,BTC-21SEP25-116000-C,116000.0,0.4925733955022241,0.21071214460469945,0.0055,0.0,open@16,BTC-21SEP25-116000-P,116000.0,-0.5097080684577038,0.17856170363580587,0.005,0.0018895117973785913,open@16,0.007860488202621408,0.010499999999999999,0.00075,911.4825607554719,0.007860488202621408
2025-09-26,2025-09-28,109087.0,109517.29,0.003944466343377195,BTC-28SEP25-109000-C,109000.0,0.5238656965301842,0.22610786502635166,0.0065,0.004723363772058217,open@16,BTC-28SEP25-109000-P,109000.0,-0.4755197350510064,0.21858343291400995,0.0055,0.0,open@16,0.006526636227941782,0.012,0.00075,711.9711661974852,0.006526636227941782
2025-10-03,2025-10-05,122393.5,124771.89,0.019432322794919576,BTC-5OCT25-123000-C,123000.0,0.4092184227790937,0.30497395679306927,0.006,0.01420103518508856,open@16,BTC-5OCT25-122000-P,122000.0,-0.4171952613099358,0.23701112066269597,0.0049,0.0,open@16,-0.0040510351850885605,0.0109,0.00075,-495.8203749261367,-0.0040510351850885605
2025-10-10,2025-10-12,119086.5,111683.41,-0.06216565269782881,BTC-12OCT25-119000-C,119000.0,0.5172211792226662,0.3388876119877625,0.0095,0.0,open@16,BTC-12OCT25-119000-P,119000.0,-0.4829717015850348,0.3472922167583915,0.009,0.06551187862190093,open@16,-0.04776187862190093,0.0185,0.00075,-5687.794958507005,-0.04776187862190093
2025-10-17,2025-10-19,106834.0,106807.62,-0.0002469251361926217,BTC-19OCT25-107000-C,107000.0,0.48596079600792774,0.45449202799854094,0.0115,0.0,open@16,BTC-19OCT25-107000-P,107000.0,-0.5240592098877663,0.322517789700004,0.0095,0.0018011823500982858,open@16,0.018448817649901715,0.020999999999999998,0.00075,1970.9609848095997,0.018448817649901715
2025-10-24,2025-10-26,110068.0,111712.52,0.014940945597267108,BTC-26OCT25-110000-C,110000.0,0.5180430341970805,0.24811549916691922,0.007,0.01532970521119749,open@16,BTC-26OCT25-110000-P,110000.0,-0.48350333646661303,0.2896186390807106,0.0075,0.0,open@16,-0.0015797052111974907,0.014499999999999999,0.00075,-173.87499318608542,-0.0015797052111974907
2025-10-31,2025-11-02,110157.0,110667.82,0.004637199633250821,BTC-2NOV25-110000-C,110000.0,0.5348126840044128,0.2696943273923822,0.008,0.006034455183087612,open@16,BTC-2NOV25-110000-P,110000.0,-0.4666995611608159,0.28552610406346346,0.007,0.0,open@16,0.008215544816912388,0.015,0.00075,904.9997703966179,0.008215544816912388
2025-11-07,2025-11-09,100716.5,101855.51,0.011309070509797348,BTC-9NOV25-101000-C,101000.0,0.4538164894200362,0.3273208572360845,0.0075,0.00839925105671745,open@16,BTC-9NOV25-101000-P,101000.0,-0.5421895256257263,0.3528937806618476,0.011,0.0,open@16,0.009350748943282548,0.0185,0.00075,941.7747059461168,0.009350748943282548
2025-11-14,2025-11-16,96736.5,95889.29,-0.00875791454104713,BTC-16NOV25-97000-C,97000.0,0.46735366350947766,0.4189767315902895,0.01,0.0,open@16,BTC-16NOV25-96000-P,96000.0,-0.40419898934828646,0.5014386093650429,0.01,0.0011545606396710874,close@15,0.018101119280370025,0.02,0.0007443200799588858,1751.038925265515,0.018101119280370025
2025-11-21,2025-11-23,82847.0,85616.33,0.03342704020664611,BTC-23NOV25-83000-C,83000.0,0.4886201805935094,0.5709811465540655,0.0145,0.030558773075183225,open@16,BTC-23NOV25-82000-P,82000.0,-0.4043968436882407,0.696113835594161,0.014,0.0,open@16,-0.0028087730751832282,0.0285,0.00075,-232.6984229597049,-0.0028087730751832282
2025-11-28,2025-11-30,92371.5,90975.85,-0.015109097503017588,BTC-30NOV25-93000-C,93000.0,0.30744021414359585,0.19685276061082124,0.0026,0.0,open@16,BTC-30NOV25-92000-P,92000.0,-0.4151529684240872,0.29169048897044914,0.006,0.01125738314069057,open@16,-0.0034073831406905694,0.0086,0.00075,-314.74509178029894,-0.0034073831406905694
2025-12-05,2025-12-07,90481.0,89325.32,-0.012772626297233636,BTC-7DEC25-91000-C,91000.0,0.3918911920245828,0.2975690200709954,0.0055,0.0,open@16,BTC-7DEC25-90000-P,90000.0,-0.4106015960906556,0.3694339861226025,0.0075,0.007553065580957257,open@16,0.004696934419042742,0.013,0.00075,424.98332316940633,0.004696934419042742
2025-12-12,2025-12-14,89933.5,90184.7,0.0027931749570515585,BTC-14DEC25-90000-C,90000.0,0.4901125339489182,0.3101703367940387,0.008,0.002048019231643473,open@16,BTC-14DEC25-90000-P,90000.0,-0.5104219399980126,0.3012856775117869,0.0085,0.0,open@16,0.013701980768356527,0.0165,0.00075,1232.2670874309918,0.013701980768356527
2025-12-19,2025-12-21,87927.0,88081.75,0.0017599827129324286,BTC-21DEC25-88000-C,88000.0,0.49412319666312443,0.42310096297685007,0.011,0.0009281150749162001,open@16,BTC-21DEC25-88000-P,88000.0,-0.5111138806187738,0.3180906913128333,0.009,0.0,open@16,0.01835587054071927,0.019999999999999997,0.000716014384364525,1613.9766290338234,0.01835587054071927
2025-12-26,2025-12-28,87110.0,87638.43,0.006066238089771581,BTC-28DEC25-87000-C,87000.0,0.5282145652001172,0.31006949511022297,0.009,0.00728481785901451,open@16,BTC-28DEC25-87000-P,87000.0,-0.469826297456597,0.2826489055743232,0.007,0.0,open@16,0.007965182140985488,0.016,0.00075,693.8470163012458,0.007965182140985488
2026-01-02,2026-01-04,89371.5,91405.21,0.02275568833464825,BTC-4JAN26-90000-C,90000.0,0.3635152954256256,0.2890024684824418,0.0048,0.015373412522109038,open@16,BTC-4JAN26-89000-P,89000.0,-0.41776244248487293,0.3128284299252797,0.0065,0.0,open@16,-0.004823412522109038,0.0113,0.00075,-431.0756122196679,-0.004823412522109038
2026-01-09,2026-01-11,91100.0,90603.03,-0.005455214050493984,BTC-11JAN26-91000-C,91000.0,0.5286287751413673,0.2574830457769287,0.0075,0.0,open@16,BTC-11JAN26-91000-P,91000.0,-0.4700227625484399,0.2425193035288467,0.006,0.004381420797957874,open@16,0.008368579202042127,0.0135,0.00075,762.3775653060378,0.008368579202042127
2026-01-16,2026-01-18,94570.5,95026.97,0.004826769447132007,BTC-18JAN26-95000-C,95000.0,0.3881763979587062,0.2297749068383183,0.0042,0.0002838141634948601,open@16,BTC-18JAN26-94000-P,94000.0,-0.3147078618645849,0.18803964619061664,0.0026,0.0,open@16,0.005880709066068282,0.0068,0.0006354767704368574,556.1415967326105,0.005880709066068282
2026-01-23,2026-01-25,89692.5,88593.44,-0.012253644396131191,BTC-25JAN26-90000-C,90000.0,0.4015079000371892,0.19774786022222574,0.0038,0.0,open@16,BTC-25JAN26-90000-P,90000.0,-0.6031863974572289,0.18899517382970138,0.007,0.015876570545178038,open@16,-0.0058265705451780395,0.0108,0.00075,-522.5996786233814,-0.0058265705451780395
2026-01-30,2026-02-01,82772.0,78345.93,-0.05347303435944528,BTC-1FEB26-83000-C,83000.0,0.4547286495205785,0.32631807197036655,0.0075,0.0,open@16,BTC-1FEB26-83000-P,83000.0,-0.5437979732070524,0.33547992999536524,0.0105,0.05940410688851364,open@16,-0.04215410688851364,0.018000000000000002,0.00075,-3489.179735376051,-0.04215410688851364
2026-02-06,2026-02-08,68583.5,69513.42,0.013558946393811944,BTC-8FEB26-69000-C,69000.0,0.451215296374588,0.6236714979950895,0.014,0.0073859119577197934,open@16,BTC-8FEB26-68000-P,68000.0,-0.4179118064719668,0.6871072755446115,0.0145,0.0,open@16,0.02036408804228021,0.0285,0.00075,1396.6404322477247,0.02036408804228021
2026-02-13,2026-02-15,68646.5,70728.35,0.030327110632005994,BTC-15FEB26-69000-C,69000.0,0.4223096078907163,0.3648826453483457,0.0075,0.02443645299232918,open@16,BTC-15FEB26-68000-P,68000.0,-0.3490596785389435,0.3731659217891228,0.006,0.0,open@16,-0.011686452992329184,0.0135,0.00075,-802.2340953379253,-0.011686452992329184
2026-02-20,2026-02-22,67579.5,68035.71,0.006750715823585551,BTC-22FEB26-67500-C,67500.0,0.525472926040438,0.33032304824335257,0.0095,0.00787395325190266,open@16,BTC-22FEB26-67500-P,67500.0,-0.4756738448020925,0.35546254184021553,0.009,0.0,open@16,0.00987604674809734,0.0185,0.00075,667.4183012130442,0.00987604674809734
2026-02-27,2026-03-01,66077.0,67110.23,0.015636757116697098,BTC-1MAR26-66000-C,66000.0,0.5244080389006857,0.3491192052514046,0.01,0.01654337945198513,open@16,BTC-1MAR26-66000-P,66000.0,-0.47503220981296224,0.3366800520252886,0.0085,0.0,open@16,0.0012066205480148707,0.018500000000000003,0.00075,79.72986595117861,0.0012066205480148707
2026-03-06,2026-03-08,68491.5,67314.49,-0.017184760152719636,BTC-8MAR26-69000-C,69000.0,0.4224017643171842,0.5136532110983014,0.0105,0.0,close@15,BTC-8MAR26-68500-P,68500.0,-0.4956857838561889,0.4428199850398117,0.012,0.017611512766419157,open@16,0.0041384872335808445,0.0225,0.00075,283.4511983588024,0.0041384872335808445
2026-03-13,2026-03-15,71847.5,71479.48,-0.005122238073697827,BTC-15MAR26-72000-C,72000.0,0.4619234207113159,0.2970631364778229,0.007,0.0,open@16,BTC-15MAR26-71500-P,71500.0,-0.42638037271428153,0.4184645192482036,0.009,0.0002870753956240879,open@16,0.0150770401799229,0.016,0.0006358844244530109,1083.2476443270104,0.0150770401799229
2026-03-20,2026-03-22,69872.5,69029.22,-0.012068839672260134,BTC-22MAR26-70000-C,70000.0,0.4717662762773723,0.3292026119932815,0.008,0.0,open@16,BTC-22MAR26-69500-P,69500.0,-0.40136516915174425,0.33151717296579486,0.0065,0.006820010424570911,open@16,0.006929989575429089,0.014499999999999999,0.00075,484.215696609169,0.006929989575429089
2026-03-27,2026-03-29,66098.0,66622.4,0.00793367424127811,BTC-29MAR26-66500-C,66500.0,0.427853409979458,0.4549915828642471,0.0095,0.001837219914022824,open@16,BTC-29MAR26-66000-P,66000.0,-0.47595742688130516,0.5096609179639284,0.013,0.0,open@16,0.019912780085977175,0.0225,0.00075,1316.1949381229192,0.019912780085977175
2026-04-03,2026-04-05,66840.0,66758.5,-0.0012193297426690286,BTC-5APR26-67000-C,67000.0,0.44599806998471475,0.2455805852898748,0.0055,0.0,open@16,BTC-5APR26-66500-P,66500.0,-0.38339889006996575,0.26231715963356406,0.0048,0.0,open@16,0.0097,0.0103,0.0006,648.3480000000001,0.0097
2026-04-10,2026-04-12,72478.5,71735.4,-0.01025269562697917,BTC-12APR26-72500-C,72500.0,0.49764974629816,0.2836405233952387,0.0075,0.0,open@16,BTC-12APR26-72500-P,72500.0,-0.5020886402031404,0.2911842320046094,0.008,0.010658614854033098,open@16,0.004091385145966902,0.0155,0.00075,296.5374583019621,0.004091385145966902
2026-04-17,2026-04-19,77780.0,75195.07,-0.03323386474672141,BTC-19APR26-78000-C,78000.0,0.4592862525256051,0.36486450184225416,0.0085,0.0,open@16,BTC-19APR26-77500-P,77500.0,-0.43335406407667,0.34144632028273547,0.0075,0.030652674437300114,open@16,-0.015402674437300116,0.016,0.00075,-1198.020017733203,-0.015402674437300116
2026-04-24,2026-04-26,78053.5,78030.18,-0.00029876943378592813,BTC-26APR26-78000-C,78000.0,0.5180767064420888,0.28396529931585,0.008,0.0003867734253591754,open@16,BTC-26APR26-78000-P,78000.0,-0.4814696550021519,0.2722840245348279,0.007,0.0,open@16,0.013964879896470928,0.015,0.0006483466781698969,1090.0077529991936,0.013964879896470928
2026-05-01,2026-05-03,78422.0,78392.21,-0.0003798678942132927,BTC-3MAY26-78500-C,78500.0,0.4788419169574828,0.2404487527609122,0.006,0.0,open@16,BTC-3MAY26-78500-P,78500.0,-0.526080957021607,0.20348929576949215,0.006,0.0013750090729677553,open@16,0.009874990927032246,0.012,0.00075,774.4165384797228,0.009874990927032246
2026-05-08,2026-05-10,80149.0,80756.42,0.007578634792698491,BTC-10MAY26-80500-C,80500.0,0.3783269072351515,0.20414120788490397,0.0036,0.0031752274308345795,open@16,BTC-10MAY26-80000-P,80000.0,-0.44525031697072426,0.2109395800425199,0.0048,0.0,open@16,0.00447477256916542,0.0084,0.00075,358.6485466460392,0.00447477256916542
2026-05-15,2026-05-17,79120.0,78139.19,-0.012396486349848357,BTC-17MAY26-79500-C,79500.0,0.3894050641159139,0.24521541618144038,0.0045,0.0,open@16,BTC-17MAY26-79000-P,79000.0,-0.46083417261390225,0.24988313160103948,0.006,0.011016367075215364,open@16,-0.0012663670752153643,0.010499999999999999,0.00075,-100.19496299103963,-0.0012663670752153643
2026-05-22,2026-05-24,76728.0,76752.27,0.0003163121676572622,BTC-24MAY26-77000-C,77000.0,0.38025766971748154,0.1686565946035199,0.003,0.0,open@16,BTC-24MAY26-76500-P,76500.0,-0.39682181011499007,0.17219045205204586,0.0033,0.0,open@16,0.0057,0.0063,0.0006,437.3496,0.0057
2026-05-29,2026-05-31,73710.0,73773.82,0.0008658255324922592,BTC-31MAY26-74000-C,74000.0,0.4042306132743933,0.23219604474472927,0.0045,0.0,open@16,BTC-31MAY26-73500-P,73500.0,-0.42555625072594505,0.23487281315416242,0.005,0.0,open@16,0.0089,0.0095,0.0006,656.019,0.0089
2026-06-05,2026-06-07,60378.5,62231.24,0.03068542610366265,BTC-7JUN26-60500-C,60500.0,0.48512772174906293,0.5367660374064303,0.0135,0.027819468164221026,open@16,BTC-7JUN26-60000-P,60000.0,-0.4343901249111638,0.6495986814204586,0.0145,0.0,open@16,-0.0005694681642210257,0.028,0.00075,-34.3836335534192,-0.0005694681642210257
2026-06-12,2026-06-14,63566.0,64338.05,0.012145643897681246,BTC-14JUN26-63500-C,63500.0,0.5258418229177224,0.2772221955753077,0.008,0.013025728942670829,open@16,BTC-14JUN26-63500-P,63500.0,-0.4742518044058923,0.2786455621918611,0.007,0.0,open@16,0.0012242710573291717,0.015,0.00075,77.82201403018612,0.0012242710573291717
2026-06-19,2026-06-21,63162.0,64145.48,0.015570754567619804,BTC-21JUN26-63500-C,63500.0,0.370707395284455,0.23375622540737012,0.004,0.010062751108885664,open@16,BTC-21JUN26-63000-P,63000.0,-0.44000194013126914,0.26779754804040423,0.006,0.0,open@16,-0.000812751108885664,0.01,0.00075,-51.3349855394363,-0.000812751108885664
2026-06-26,2026-06-28,60259.5,60114.78,-0.0024016130236725886,BTC-28JUN26-60500-C,60500.0,0.44077112037132277,0.3653074302891194,0.008,0.0,open@16,BTC-28JUN26-60000-P,60000.0,-0.42690512279046766,0.3719833045413923,0.008,0.0,open@16,0.0154,0.016,0.0006,927.9963,0.0154
2026-07-03,2026-07-05,61880.0,62867.42,0.015957013574660506,BTC-5JUL26-62000-C,62000.0,0.4552516695332158,0.23803425440435866,0.0055,0.013797607727500162,open@16,BTC-5JUL26-62000-P,62000.0,-0.5485004473590176,0.22162885071482546,0.007,0.0,open@16,-0.0020476077275001633,0.0125,0.00075,-126.70596617771011,-0.0020476077275001633
2026-07-10,2026-07-12,64018.0,63831.7,-0.0029101190290231616,BTC-12JUL26-64000-C,64000.0,0.5110296228309267,0.19879182464671563,0.0055,0.0,open@16,BTC-12JUL26-64000-P,64000.0,-0.48924611665657847,0.2092256651665697,0.0055,0.0026366209892577344,open@16,0.007613379010742265,0.011,0.00075,487.3932975096983,0.007613379010742265
2026-07-17,2026-07-19,63416.0,64686.1,0.0200280686262142,BTC-19JUL26-63500-C,63500.0,0.4639891994276947,0.20153840630614722,0.0048,0.01833624225297241,open@16,BTC-19JUL26-63500-P,63500.0,-0.5301949222454494,0.23412322714776146,0.007,0.0,open@16,-0.007286242252972411,0.0118,0.00075,-462.06433871449843,-0.007286242252972411
2026-07-24,2026-07-26,64053.0,64306.19,0.0039528203206720125,BTC-26JUL26-64000-C,64000.0,0.5263852946055327,0.20694644711367083,0.006,0.004761438984334203,open@16,BTC-26JUL26-64000-P,64000.0,-0.4762503149122198,0.23770053416354292,0.006,0.0,open@16,0.006488561015665797,0.012,0.00075,415.6117987364413,0.006488561015665797
2026-07-31,2026-08-02,62657.5,63438.65,0.012466983202330084,BTC-2AUG26-63000-C,63000.0,0.3689039826639449,0.23539511616157233,0.004,0.006914554455367532,open@16,BTC-2AUG26-62500-P,62500.0,-0.437045053140404,0.24817148958224694,0.0055,0.0,open@16,0.0018354455446324682,0.0095,0.00075,115.00442921280887,0.0018354455446324682
2026-08-07,2026-08-09,64876.5,64783.38,-0.0014353425354327598,BTC-9AUG26-65000-C,65000.0,0.4420359479888482,0.18508270153653494,0.0041,0.0,open@16,BTC-9AUG26-65000-P,65000.0,-0.5779338897474292,0.13978871303312085,0.0048,0.0033437588467906836,open@16,0.004806241153209316,0.0089,0.00075,311.8121041761842,0.004806241153209316
2026-08-14,2026-08-16,62931.0,62997.96,0.0010640225008342608,BTC-16AUG26-63000-C,63000.0,0.4699542331401645,0.1976184149448691,0.0048,0.0,open@16,BTC-16AUG26-63000-P,63000.0,-0.5448750700328342,0.13814470370600895,0.0043,3.2382000940996714e-05,open@16,0.008463570248941378,0.0091,0.0006040477501176246,532.6209393361298,0.008463570248941378
2026-08-21,2026-08-23,77199.0,76072.89,-0.014587106050596543,BTC-23AUG26-77500-C,77500.0,0.4419623232707621,0.3638172395650978,0.008,0.0,open@16,BTC-23AUG26-77000-P,77000.0,-0.4548968718133459,0.380249249031384,0.009,0.012187127372182135,open@16,0.004062872627817865,0.017,0.00075,313.64970399491136,0.004062872627817865
